transaction_id,transaction_date,customer_id,product_id,store_id,promo_id,quantity,unit_price,total_amount,discount_amount
TXN_0000001,2022-09-02,CUST_00070,PROD_00018,STR_002,,9,274.78,2473.02,0.0
TXN_0000002,2023-02-01,CUST_00136,PROD_00029,STR_004,PROMO_0001,10,742.19,4813.66,2608.24
TXN_0000003,2022-06-09,CUST_00121,PROD_00013,STR_003,,1,104.7,104.7,0.0
TXN_0000004,2024-06-10,CUST_00041,PROD_00053,STR_008,,1,964.7,964.7,0.0
TXN_0000005,2024-11-13,CUST_00074,PROD_00042,STR_005,,8,652.29,5218.32,0.0
TXN_0000006,2022-06-29,CUST_00190,PROD_00093,STR_001,PROMO_0010,1,908.4,768.05,140.35
TXN_0000007,2022-12-21,CUST_00010,PROD_00051,STR_008,,3,420.8,1262.4,0.0
TXN_0000008,2024-03-01,CUST_00075,PROD_00005,STR_001,,3,936.93,2810.79,0.0
TXN_0000009,2022-01-04,CUST_00165,PROD_00070,STR_009,PROMO_0006,5,570.12,2343.04,507.56
TXN_0000010,2022-03-10,CUST_00050,PROD_00015,STR_006,PROMO_0009,8,889.81,5263.34,1855.14
TXN_0000011,2022-01-20,CUST_00184,PROD_00024,STR_001,,3,732.46,2197.38,0.0
TXN_0000012,2023-01-15,CUST_00194,PROD_00025,STR_003,,6,791.81,4750.86,0.0
TXN_0000013,2022-03-13,CUST_00110,PROD_00066,STR_006,,10,856.87,8568.7,0.0
TXN_0000014,2024-01-03,CUST_00064,PROD_00001,STR_005,PROMO_0003,2,403.83,593.75,213.91
TXN_0000015,2023-07-20,CUST_00085,PROD_00039,STR_010,,7,239.34,1675.38,0.0
TXN_0000016,2023-08-18,CUST_00178,PROD_00031,STR_001,,10,16.38,163.8,0.0
TXN_0000017,2022-08-22,CUST_00181,PROD_00099,STR_005,PROMO_0011,2,468.07,677.64,258.5
TXN_0000018,2022-10-06,CUST_00095,PROD_00079,STR_004,,2,640.52,1281.04,0.0
TXN_0000019,2022-02-24,CUST_00117,PROD_00096,STR_010,,4,957.57,3830.28,0.0
TXN_0000020,2024-05-08,CUST_00121,PROD_00097,STR_009,,6,418.77,2512.62,0.0
TXN_0000021,2024-10-15,CUST_00153,PROD_00011,STR_009,,4,763.05,3052.2,0.0
TXN_0000022,2023-10-14,CUST_00145,PROD_00015,STR_001,,8,530.53,4244.24,0.0
TXN_0000023,2022-12-15,CUST_00084,PROD_00067,STR_008,PROMO_0009,9,903.37,7175.56,954.77
TXN_0000024,2023-05-15,CUST_00126,PROD_00012,STR_009,,2,681.89,1363.78,0.0
TXN_0000025,2023-01-21,CUST_00132,PROD_00054,STR_008,,8,809.65,6477.2,0.0
TXN_0000026,2023-10-09,CUST_00079,PROD_00093,STR_001,,10,62.45,624.5,0.0
TXN_0000027,2023-05-13,CUST_00012,PROD_00055,STR_006,PROMO_0004,7,258.18,1246.58,560.68
TXN_0000028,2023-02-26,CUST_00121,PROD_00005,STR_005,PROMO_0015,2,543.46,998.82,88.1
TXN_0000029,2022-05-01,CUST_00166,PROD_00054,STR_006,PROMO_0011,7,184.08,656.84,631.72
TXN_0000030,2024-06-06,CUST_00097,PROD_00049,STR_002,,7,451.29,3159.03,0.0
TXN_0000031,2023-08-03,CUST_00031,PROD_00023,STR_009,,9,137.32,1235.88,0.0
TXN_0000032,2022-07-05,CUST_00058,PROD_00001,STR_001,,7,531.2,3718.4,0.0
TXN_0000033,2024-02-19,CUST_00109,PROD_00069,STR_007,,5,465.69,2328.45,0.0
TXN_0000034,2024-11-11,CUST_00071,PROD_00025,STR_002,,4,251.27,1005.08,0.0
TXN_0000035,2022-03-23,CUST_00197,PROD_00003,STR_004,,1,810.43,810.43,0.0
TXN_0000036,2022-10-06,CUST_00115,PROD_00077,STR_001,,4,71.95,287.8,0.0
TXN_0000037,2022-12-13,CUST_00060,PROD_00070,STR_004,,4,741.84,2967.36,0.0
TXN_0000038,2024-03-12,CUST_00060,PROD_00094,STR_010,,1,144.43,144.43,0.0
TXN_0000039,2022-03-13,CUST_00083,PROD_00031,STR_005,,6,579.59,3477.54,0.0
TXN_0000040,2023-09-15,CUST_00106,PROD_00039,STR_005,,3,985.77,2957.31,0.0
TXN_0000041,2022-04-18,CUST_00189,PROD_00023,STR_007,,1,558.93,558.93,0.0
TXN_0000042,2023-12-24,CUST_00165,PROD_00086,STR_007,,9,498.14,4483.26,0.0
TXN_0000043,2023-03-15,CUST_00039,PROD_00039,STR_007,,9,322.14,2899.26,0.0
TXN_0000044,2023-04-28,CUST_00058,PROD_00039,STR_003,,3,755.64,2266.92,0.0
TXN_0000045,2023-05-24,CUST_00107,PROD_00072,STR_009,,8,915.17,7321.36,0.0
TXN_0000046,2022-05-15,CUST_00116,PROD_00048,STR_002,PROMO_0006,3,391.48,773.94,400.5
TXN_0000047,2024-05-09,CUST_00155,PROD_00078,STR_001,PROMO_0005,9,725.96,5098.03,1435.61
TXN_0000048,2023-12-11,CUST_00186,PROD_00086,STR_009,,2,192.22,384.44,0.0
TXN_0000049,2022-01-13,CUST_00086,PROD_00039,STR_001,,4,482.0,1928.0,0.0
TXN_0000050,2023-07-28,CUST_00031,PROD_00096,STR_008,,4,937.47,3749.88,0.0
TXN_0000051,2022-11-08,CUST_00102,PROD_00031,STR_009,,4,697.15,2788.6,0.0
TXN_0000052,2023-03-29,CUST_00137,PROD_00084,STR_006,,6,776.64,4659.84,0.0
TXN_0000053,2024-05-25,CUST_00128,PROD_00060,STR_002,,5,265.25,1326.25,0.0
TXN_0000054,2023-04-18,CUST_00053,PROD_00048,STR_006,,8,762.82,6102.56,0.0
TXN_0000055,2024-08-25,CUST_00190,PROD_00019,STR_001,,7,50.49,353.43,0.0
TXN_0000056,2023-01-12,CUST_00185,PROD_00054,STR_005,,5,555.55,2777.75,0.0
TXN_0000057,2023-12-22,CUST_00128,PROD_00071,STR_006,PROMO_0010,3,200.21,345.35,255.28
TXN_0000058,2023-07-27,CUST_00186,PROD_00083,STR_008,,5,764.54,3822.7,0.0
TXN_0000059,2024-07-08,CUST_00044,PROD_00018,STR_009,,8,172.39,1379.12,0.0
TXN_0000060,2024-02-06,CUST_00165,PROD_00008,STR_009,,8,188.13,1505.04,0.0
TXN_0000061,2022-10-31,CUST_00196,PROD_00001,STR_007,PROMO_0014,1,839.87,545.33,294.54
TXN_0000062,2024-04-29,CUST_00056,PROD_00065,STR_008,PROMO_0012,3,843.33,2231.54,298.45
TXN_0000063,2023-01-16,CUST_00158,PROD_00062,STR_008,,6,65.15,390.9,0.0
TXN_0000064,2022-08-22,CUST_00004,PROD_00003,STR_009,,1,11.58,11.58,0.0
TXN_0000065,2022-01-10,CUST_00173,PROD_00056,STR_003,PROMO_0009,5,538.06,1571.35,1118.95
TXN_0000066,2023-09-29,CUST_00062,PROD_00025,STR_010,,2,918.46,1836.92,0.0
TXN_0000067,2022-02-07,CUST_00102,PROD_00011,STR_006,,9,256.16,2305.44,0.0
TXN_0000068,2022-12-28,CUST_00176,PROD_00011,STR_001,PROMO_0012,7,461.7,2741.83,490.07
TXN_0000069,2024-04-21,CUST_00122,PROD_00008,STR_001,,2,408.25,816.5,0.0
TXN_0000070,2023-06-23,CUST_00166,PROD_00043,STR_010,,3,87.27,261.81,0.0
TXN_0000071,2024-09-14,CUST_00059,PROD_00028,STR_010,,2,895.32,1790.64,0.0
TXN_0000072,2024-12-13,CUST_00176,PROD_00036,STR_009,,8,274.74,2197.92,0.0
TXN_0000073,2022-01-15,CUST_00054,PROD_00076,STR_003,PROMO_0014,10,659.82,5334.53,1263.67
TXN_0000074,2023-06-05,CUST_00100,PROD_00087,STR_009,PROMO_0010,7,929.23,5475.5,1029.11
TXN_0000075,2022-01-03,CUST_00177,PROD_00093,STR_002,,6,386.93,2321.58,0.0
TXN_0000076,2024-10-18,CUST_00026,PROD_00056,STR_004,,9,746.73,6720.57,0.0
TXN_0000077,2023-08-08,CUST_00153,PROD_00051,STR_006,,2,343.89,687.78,0.0
TXN_0000078,2023-04-23,CUST_00116,PROD_00063,STR_004,,1,635.95,635.95,0.0
TXN_0000079,2022-06-11,CUST_00048,PROD_00088,STR_010,,6,555.27,3331.62,0.0
TXN_0000080,2022-11-15,CUST_00064,PROD_00092,STR_002,,7,90.27,631.89,0.0
TXN_0000081,2024-04-03,CUST_00163,PROD_00020,STR_007,,2,271.63,543.26,0.0
TXN_0000082,2023-01-05,CUST_00195,PROD_00035,STR_002,PROMO_0005,6,363.9,1637.26,546.14
TXN_0000083,2023-10-15,CUST_00143,PROD_00072,STR_009,,3,91.86,275.58,0.0
TXN_0000084,2024-02-04,CUST_00154,PROD_00042,STR_007,PROMO_0009,7,107.78,685.14,69.32
TXN_0000085,2022-04-04,CUST_00022,PROD_00093,STR_009,,1,295.39,295.39,0.0
TXN_0000086,2022-08-10,CUST_00069,PROD_00039,STR_005,PROMO_0007,4,574.1,2006.42,289.98
TXN_0000087,2023-03-11,CUST_00124,PROD_00010,STR_006,PROMO_0005,8,150.21,913.88,287.8
TXN_0000088,2022-05-25,CUST_00127,PROD_00077,STR_010,,5,944.5,4722.5,0.0
TXN_0000089,2022-03-10,CUST_00086,PROD_00080,STR_007,PROMO_0001,4,460.57,963.57,878.71
TXN_0000090,2022-12-26,CUST_00167,PROD_00077,STR_003,,6,443.02,2658.12,0.0
TXN_0000091,2024-03-18,CUST_00052,PROD_00062,STR_006,,5,324.06,1620.3,0.0
TXN_0000092,2023-10-04,CUST_00075,PROD_00095,STR_008,,3,964.75,2894.25,0.0
TXN_0000093,2024-12-24,CUST_00072,PROD_00051,STR_006,,10,783.06,7830.6,0.0
TXN_0000094,2023-08-02,CUST_00197,PROD_00071,STR_001,PROMO_0009,2,932.41,1620.59,244.23
TXN_0000095,2023-12-14,CUST_00178,PROD_00009,STR_007,PROMO_0013,8,943.26,6179.49,1366.59
TXN_0000096,2022-05-12,CUST_00065,PROD_00085,STR_003,,8,143.48,1147.84,0.0
TXN_0000097,2024-06-21,CUST_00103,PROD_00069,STR_009,PROMO_0010,7,790.13,4061.59,1469.32
TXN_0000098,2022-05-29,CUST_00093,PROD_00090,STR_009,,7,545.93,3821.51,0.0
TXN_0000099,2024-02-25,CUST_00171,PROD_00046,STR_003,PROMO_0013,10,639.99,5365.01,1034.89
TXN_0000100,2022-07-27,CUST_00174,PROD_00083,STR_007,,10,49.08,490.8,0.0
TXN_0000101,2024-09-16,CUST_00003,PROD_00013,STR_005,,6,965.89,5795.34,0.0
TXN_0000102,2023-09-05,CUST_00149,PROD_00089,STR_010,,4,513.12,2052.48,0.0
TXN_0000103,2022-04-27,CUST_00198,PROD_00087,STR_010,,4,448.55,1794.2,0.0
TXN_0000104,2024-07-08,CUST_00124,PROD_00014,STR_005,,9,154.99,1394.91,0.0
TXN_0000105,2024-06-01,CUST_00037,PROD_00045,STR_005,PROMO_0014,7,920.94,3395.39,3051.19
TXN_0000106,2022-04-07,CUST_00025,PROD_00057,STR_008,PROMO_0008,6,458.06,2180.18,568.18
TXN_0000107,2023-11-07,CUST_00088,PROD_00083,STR_002,PROMO_0012,6,71.84,387.17,43.87
TXN_0000108,2024-10-26,CUST_00133,PROD_00023,STR_009,,3,930.27,2790.81,0.0
TXN_0000109,2022-07-23,CUST_00119,PROD_00030,STR_007,,3,334.33,1002.99,0.0
TXN_0000110,2023-01-03,CUST_00102,PROD_00004,STR_010,,3,190.45,571.35,0.0
TXN_0000111,2023-03-30,CUST_00002,PROD_00091,STR_004,,4,452.33,1809.32,0.0
TXN_0000112,2023-02-10,CUST_00017,PROD_00074,STR_002,,4,281.95,1127.8,0.0
TXN_0000113,2023-05-05,CUST_00118,PROD_00015,STR_005,,9,191.03,1719.27,0.0
TXN_0000114,2023-09-03,CUST_00153,PROD_00050,STR_010,,8,530.08,4240.64,0.0
TXN_0000115,2024-12-24,CUST_00118,PROD_00080,STR_003,,7,589.07,4123.49,0.0
TXN_0000116,2023-05-22,CUST_00173,PROD_00018,STR_006,,5,919.09,4595.45,0.0
TXN_0000117,2023-05-10,CUST_00131,PROD_00050,STR_007,PROMO_0006,2,242.38,309.25,175.51
TXN_0000118,2023-12-05,CUST_00048,PROD_00063,STR_009,,10,142.18,1421.8,0.0
TXN_0000119,2023-02-27,CUST_00036,PROD_00024,STR_006,,3,557.14,1671.42,0.0
TXN_0000120,2022-12-29,CUST_00003,PROD_00063,STR_003,,8,621.31,4970.48,0.0
TXN_0000121,2022-04-27,CUST_00130,PROD_00084,STR_008,,4,816.14,3264.56,0.0
TXN_0000122,2022-11-11,CUST_00114,PROD_00063,STR_003,,7,686.27,4803.89,0.0
TXN_0000123,2022-07-31,CUST_00057,PROD_00038,STR_001,,2,567.57,1135.14,0.0
TXN_0000124,2024-06-27,CUST_00191,PROD_00099,STR_008,PROMO_0013,5,228.72,851.07,292.53
TXN_0000125,2022-06-19,CUST_00069,PROD_00100,STR_009,,9,513.25,4619.25,0.0
TXN_0000126,2022-08-30,CUST_00195,PROD_00093,STR_008,,6,544.33,3265.98,0.0
TXN_0000127,2022-06-14,CUST_00189,PROD_00084,STR_004,,9,222.45,2002.05,0.0
TXN_0000128,2022-09-13,CUST_00023,PROD_00057,STR_002,PROMO_0005,5,875.44,3471.73,905.47
TXN_0000129,2023-11-30,CUST_00177,PROD_00045,STR_010,,4,213.83,855.32,0.0
TXN_0000130,2023-12-25,CUST_00016,PROD_00073,STR_006,PROMO_0004,7,170.15,695.47,495.58
TXN_0000131,2023-05-03,CUST_00083,PROD_00091,STR_005,,9,284.68,2562.12,0.0
TXN_0000132,2023-09-24,CUST_00132,PROD_00087,STR_002,,5,574.87,2874.35,0.0
TXN_0000133,2022-07-07,CUST_00016,PROD_00036,STR_003,,3,962.96,2888.88,0.0
TXN_0000134,2024-04-12,CUST_00064,PROD_00098,STR_007,,3,253.43,760.29,0.0
TXN_0000135,2023-07-11,CUST_00161,PROD_00054,STR_007,,8,146.46,1171.68,0.0
TXN_0000136,2022-11-19,CUST_00197,PROD_00012,STR_007,,8,80.14,641.12,0.0
TXN_0000137,2023-12-04,CUST_00095,PROD_00059,STR_008,,9,751.05,6759.45,0.0
TXN_0000138,2023-04-24,CUST_00188,PROD_00012,STR_008,,6,584.05,3504.3,0.0
TXN_0000139,2023-12-21,CUST_00102,PROD_00028,STR_007,,6,850.86,5105.16,0.0
TXN_0000140,2023-02-16,CUST_00073,PROD_00044,STR_009,,4,497.24,1988.96,0.0
TXN_0000141,2022-07-06,CUST_00088,PROD_00088,STR_001,,10,134.94,1349.4,0.0
TXN_0000142,2022-05-21,CUST_00118,PROD_00003,STR_002,,1,104.08,104.08,0.0
TXN_0000143,2022-09-02,CUST_00177,PROD_00017,STR_005,PROMO_0007,3,444.08,1144.34,187.9
TXN_0000144,2024-12-01,CUST_00024,PROD_00084,STR_006,,3,875.05,2625.15,0.0
TXN_0000145,2023-04-18,CUST_00167,PROD_00022,STR_001,,5,87.01,435.05,0.0
TXN_0000146,2024-12-30,CUST_00194,PROD_00030,STR_007,,7,627.48,4392.36,0.0
TXN_0000147,2024-12-18,CUST_00152,PROD_00029,STR_009,PROMO_0008,2,705.18,1290.38,119.98
TXN_0000148,2024-07-26,CUST_00031,PROD_00055,STR_003,,8,14.24,113.92,0.0
TXN_0000149,2022-03-04,CUST_00188,PROD_00014,STR_002,,8,75.47,603.76,0.0
TXN_0000150,2022-12-01,CUST_00193,PROD_00018,STR_003,PROMO_0007,6,370.72,1338.91,885.41
TXN_0000151,2023-05-25,CUST_00090,PROD_00093,STR_004,PROMO_0011,2,532.86,933.73,131.99
TXN_0000152,2022-08-19,CUST_00114,PROD_00028,STR_002,,3,920.29,2760.87,0.0
TXN_0000153,2022-05-22,CUST_00110,PROD_00041,STR_003,PROMO_0012,2,144.31,224.31,64.31
TXN_0000154,2023-01-21,CUST_00185,PROD_00078,STR_005,PROMO_0009,4,280.58,762.67,359.65
TXN_0000155,2023-07-07,CUST_00078,PROD_00027,STR_009,,1,848.65,848.65,0.0
TXN_0000156,2023-09-08,CUST_00076,PROD_00083,STR_001,,10,511.97,5119.7,0.0
TXN_0000157,2024-03-08,CUST_00019,PROD_00068,STR_001,PROMO_0008,4,497.41,1318.86,670.78
TXN_0000158,2022-03-18,CUST_00108,PROD_00047,STR_009,PROMO_0014,6,934.25,3208.94,2396.56
TXN_0000159,2024-11-17,CUST_00198,PROD_00010,STR_001,,3,763.91,2291.73,0.0
TXN_0000160,2023-04-10,CUST_00102,PROD_00065,STR_005,PROMO_0001,10,72.19,386.1,335.8
TXN_0000161,2023-02-09,CUST_00103,PROD_00011,STR_009,,9,768.27,6914.43,0.0
TXN_0000162,2022-09-28,CUST_00053,PROD_00020,STR_009,PROMO_0005,9,617.97,5085.87,475.86
TXN_0000163,2022-02-18,CUST_00167,PROD_00088,STR_002,,6,393.78,2362.68,0.0
TXN_0000164,2023-09-21,CUST_00062,PROD_00008,STR_004,,5,700.18,3500.9,0.0
TXN_0000165,2023-12-04,CUST_00080,PROD_00086,STR_003,PROMO_0010,2,925.0,1250.65,599.35
TXN_0000166,2024-05-13,CUST_00089,PROD_00067,STR_009,PROMO_0001,2,17.6,30.84,4.36
TXN_0000167,2024-05-04,CUST_00188,PROD_00016,STR_001,PROMO_0013,5,171.13,476.55,379.1
TXN_0000168,2023-01-24,CUST_00148,PROD_00081,STR_002,PROMO_0002,6,808.07,4032.3,816.12
TXN_0000169,2022-05-28,CUST_00128,PROD_00073,STR_003,,8,457.92,3663.36,0.0
TXN_0000170,2023-12-19,CUST_00147,PROD_00087,STR_002,,6,161.52,969.12,0.0
TXN_0000171,2022-06-08,CUST_00063,PROD_00006,STR_008,PROMO_0014,4,742.08,1667.25,1301.07
TXN_0000172,2022-08-06,CUST_00010,PROD_00071,STR_007,PROMO_0015,6,386.06,1199.52,1116.84
TXN_0000173,2022-07-08,CUST_00185,PROD_00041,STR_005,,4,325.19,1300.76,0.0
TXN_0000174,2022-01-19,CUST_00046,PROD_00029,STR_009,PROMO_0011,2,573.68,624.31,523.05
TXN_0000175,2022-04-06,CUST_00199,PROD_00040,STR_006,PROMO_0008,1,954.31,534.69,419.62
TXN_0000176,2022-12-12,CUST_00078,PROD_00095,STR_010,PROMO_0004,2,555.33,909.39,201.27
TXN_0000177,2022-07-23,CUST_00127,PROD_00099,STR_004,,4,466.61,1866.44,0.0
TXN_0000178,2022-11-04,CUST_00007,PROD_00030,STR_009,PROMO_0001,9,761.68,3636.1,3219.02
TXN_0000179,2023-09-15,CUST_00003,PROD_00043,STR_001,,6,637.76,3826.56,0.0
TXN_0000180,2023-08-02,CUST_00027,PROD_00027,STR_009,,7,849.76,5948.32,0.0
TXN_0000181,2024-12-02,CUST_00037,PROD_00092,STR_005,,4,422.72,1690.88,0.0
TXN_0000182,2024-09-06,CUST_00180,PROD_00048,STR_008,PROMO_0014,2,48.68,69.72,27.64
TXN_0000183,2024-09-28,CUST_00164,PROD_00051,STR_002,,2,582.87,1165.74,0.0
TXN_0000184,2022-05-11,CUST_00034,PROD_00031,STR_005,,10,569.98,5699.8,0.0
TXN_0000185,2024-06-23,CUST_00101,PROD_00090,STR_006,,5,851.66,4258.3,0.0
TXN_0000186,2024-06-29,CUST_00198,PROD_00075,STR_002,PROMO_0004,6,455.49,2428.9,304.04
TXN_0000187,2023-02-07,CUST_00081,PROD_00053,STR_002,,3,110.13,330.39,0.0
TXN_0000188,2022-04-27,CUST_00116,PROD_00040,STR_008,,9,361.5,3253.5,0.0
TXN_0000189,2022-02-03,CUST_00181,PROD_00090,STR_010,PROMO_0013,5,853.22,2735.74,1530.36
TXN_0000190,2022-04-11,CUST_00038,PROD_00012,STR_004,,1,218.95,218.95,0.0
TXN_0000191,2022-11-04,CUST_00045,PROD_00004,STR_007,PROMO_0005,6,399.26,1995.32,400.24
TXN_0000192,2024-09-30,CUST_00025,PROD_00060,STR_002,,8,558.17,4465.36,0.0
TXN_0000193,2023-11-20,CUST_00034,PROD_00026,STR_007,PROMO_0013,3,125.85,191.74,185.81
TXN_0000194,2022-07-20,CUST_00022,PROD_00075,STR_010,,6,687.85,4127.1,0.0
TXN_0000195,2022-05-23,CUST_00166,PROD_00057,STR_003,PROMO_0002,5,917.84,3951.36,637.84
TXN_0000196,2023-05-31,CUST_00085,PROD_00016,STR_001,,2,905.55,1811.1,0.0
TXN_0000197,2022-07-10,CUST_00111,PROD_00093,STR_007,,8,55.38,443.04,0.0
TXN_0000198,2022-03-08,CUST_00045,PROD_00046,STR_004,,8,34.33,274.64,0.0
TXN_0000199,2023-12-18,CUST_00039,PROD_00005,STR_010,,3,278.61,835.83,0.0
TXN_0000200,2022-03-20,CUST_00128,PROD_00053,STR_009,,10,618.89,6188.9,0.0
TXN_0000201,2022-09-18,CUST_00165,PROD_00068,STR_004,PROMO_0003,8,65.67,399.98,125.38
TXN_0000202,2024-06-10,CUST_00183,PROD_00046,STR_008,,9,795.87,7162.83,0.0
TXN_0000203,2023-11-04,CUST_00145,PROD_00065,STR_006,,9,782.53,7042.77,0.0
TXN_0000204,2023-09-06,CUST_00200,PROD_00036,STR_001,PROMO_0010,7,274.08,1633.54,285.02
TXN_0000205,2024-02-10,CUST_00060,PROD_00021,STR_002,,8,531.79,4254.32,0.0
TXN_0000206,2022-02-15,CUST_00189,PROD_00008,STR_004,PROMO_0014,4,658.58,1564.64,1069.68
TXN_0000207,2023-08-18,CUST_00091,PROD_00023,STR_003,,10,847.27,8472.7,0.0
TXN_0000208,2024-11-27,CUST_00179,PROD_00046,STR_010,,4,594.56,2378.24,0.0
TXN_0000209,2023-10-25,CUST_00146,PROD_00073,STR_003,,1,704.94,704.94,0.0
TXN_0000210,2022-09-26,CUST_00127,PROD_00070,STR_005,,10,948.63,9486.3,0.0
TXN_0000211,2023-07-04,CUST_00006,PROD_00068,STR_008,PROMO_0004,3,492.98,1004.57,474.37
TXN_0000212,2022-11-30,CUST_00034,PROD_00044,STR_003,,1,335.08,335.08,0.0
TXN_0000213,2022-10-18,CUST_00199,PROD_00015,STR_009,PROMO_0012,6,64.26,207.14,178.42
TXN_0000214,2023-03-04,CUST_00170,PROD_00051,STR_010,,6,960.76,5764.56,0.0
TXN_0000215,2023-03-11,CUST_00041,PROD_00094,STR_007,,2,339.88,679.76,0.0
TXN_0000216,2023-11-24,CUST_00158,PROD_00046,STR_004,PROMO_0009,8,650.93,3321.81,1885.63
TXN_0000217,2022-08-19,CUST_00188,PROD_00089,STR_005,,10,815.38,8153.8,0.0
TXN_0000218,2022-02-23,CUST_00101,PROD_00099,STR_010,PROMO_0012,3,181.82,285.32,260.14
TXN_0000219,2024-08-11,CUST_00157,PROD_00029,STR_010,,1,186.17,186.17,0.0
TXN_0000220,2024-08-19,CUST_00089,PROD_00041,STR_003,PROMO_0012,2,937.0,1714.69,159.31
TXN_0000221,2024-08-16,CUST_00187,PROD_00043,STR_008,,2,822.55,1645.1,0.0
TXN_0000222,2023-01-17,CUST_00028,PROD_00093,STR_001,PROMO_0002,1,268.89,213.04,55.85
TXN_0000223,2024-10-02,CUST_00043,PROD_00053,STR_008,,1,389.01,389.01,0.0
TXN_0000224,2023-04-04,CUST_00123,PROD_00074,STR_004,,7,354.48,2481.36,0.0
TXN_0000225,2024-02-15,CUST_00009,PROD_00038,STR_001,,3,454.03,1362.09,0.0
TXN_0000226,2023-10-03,CUST_00097,PROD_00021,STR_002,PROMO_0006,6,264.82,1387.85,201.07
TXN_0000227,2024-05-05,CUST_00087,PROD_00077,STR_010,,9,942.12,8479.08,0.0
TXN_0000228,2024-01-15,CUST_00168,PROD_00022,STR_010,,8,705.98,5647.84,0.0
TXN_0000229,2022-04-05,CUST_00105,PROD_00090,STR_009,PROMO_0004,7,161.32,577.63,551.61
TXN_0000230,2022-05-17,CUST_00101,PROD_00074,STR_009,PROMO_0004,9,268.94,2194.96,225.5
TXN_0000231,2023-03-11,CUST_00110,PROD_00012,STR_005,,8,157.82,1262.56,0.0
TXN_0000232,2023-08-18,CUST_00075,PROD_00011,STR_008,PROMO_0004,10,482.93,4216.59,612.71
TXN_0000233,2022-08-02,CUST_00126,PROD_00085,STR_005,,2,311.81,623.62,0.0
TXN_0000234,2023-10-14,CUST_00095,PROD_00049,STR_006,,2,643.66,1287.32,0.0
TXN_0000235,2022-11-06,CUST_00069,PROD_00073,STR_001,PROMO_0008,3,448.55,1118.87,226.78
TXN_0000236,2024-09-25,CUST_00022,PROD_00086,STR_006,,3,753.47,2260.41,0.0
TXN_0000237,2024-03-27,CUST_00059,PROD_00071,STR_001,,9,416.92,3752.28,0.0
TXN_0000238,2023-01-23,CUST_00138,PROD_00088,STR_008,,7,819.31,5735.17,0.0
TXN_0000239,2024-09-06,CUST_00021,PROD_00051,STR_001,,10,882.25,8822.5,0.0
TXN_0000240,2024-04-24,CUST_00147,PROD_00087,STR_010,,9,573.36,5160.24,0.0
TXN_0000241,2022-01-31,CUST_00045,PROD_00022,STR_004,,3,124.68,374.04,0.0
TXN_0000242,2023-08-18,CUST_00175,PROD_00056,STR_004,,4,130.56,522.24,0.0
TXN_0000243,2023-07-12,CUST_00018,PROD_00012,STR_007,PROMO_0015,3,834.94,1560.01,944.81
TXN_0000244,2024-01-16,CUST_00071,PROD_00067,STR_008,,9,400.37,3603.33,0.0
TXN_0000245,2024-04-25,CUST_00134,PROD_00054,STR_002,,1,787.62,787.62,0.0
TXN_0000246,2024-01-23,CUST_00150,PROD_00098,STR_002,,7,153.89,1077.23,0.0
TXN_0000247,2023-06-19,CUST_00089,PROD_00053,STR_005,PROMO_0005,2,564.87,632.24,497.5
TXN_0000248,2024-05-28,CUST_00122,PROD_00005,STR_003,,7,656.51,4595.57,0.0
TXN_0000249,2024-02-20,CUST_00175,PROD_00089,STR_007,,5,405.96,2029.8,0.0
TXN_0000250,2023-05-15,CUST_00177,PROD_00031,STR_001,,1,398.81,398.81,0.0
TXN_0000251,2023-08-27,CUST_00006,PROD_00044,STR_005,,8,921.23,7369.84,0.0
TXN_0000252,2023-02-25,CUST_00179,PROD_00088,STR_002,,5,283.94,1419.7,0.0
TXN_0000253,2022-10-07,CUST_00114,PROD_00100,STR_006,,4,138.71,554.84,0.0
TXN_0000254,2022-02-10,CUST_00023,PROD_00025,STR_008,,5,730.16,3650.8,0.0
TXN_0000255,2023-05-11,CUST_00125,PROD_00098,STR_009,,4,913.87,3655.48,0.0
TXN_0000256,2024-07-16,CUST_00041,PROD_00009,STR_005,,6,821.91,4931.46,0.0
TXN_0000257,2022-12-07,CUST_00135,PROD_00073,STR_001,,9,406.37,3657.33,0.0
TXN_0000258,2022-02-15,CUST_00015,PROD_00032,STR_001,,3,196.8,590.4,0.0
TXN_0000259,2023-03-13,CUST_00051,PROD_00036,STR_006,,8,55.31,442.48,0.0
TXN_0000260,2022-04-02,CUST_00032,PROD_00088,STR_001,,8,507.6,4060.8,0.0
TXN_0000261,2024-01-03,CUST_00046,PROD_00061,STR_010,,4,375.6,1502.4,0.0
TXN_0000262,2024-04-02,CUST_00177,PROD_00012,STR_005,PROMO_0015,9,353.01,2648.43,528.66
TXN_0000263,2023-07-10,CUST_00055,PROD_00029,STR_004,PROMO_0010,1,389.63,233.42,156.21
TXN_0000264,2024-06-26,CUST_00006,PROD_00100,STR_001,,4,272.74,1090.96,0.0
TXN_0000265,2022-12-28,CUST_00154,PROD_00002,STR_004,,8,911.96,7295.68,0.0
TXN_0000266,2022-09-05,CUST_00183,PROD_00091,STR_005,,5,610.3,3051.5,0.0
TXN_0000267,2022-06-05,CUST_00118,PROD_00033,STR_004,,7,896.01,6272.07,0.0
TXN_0000268,2023-01-21,CUST_00160,PROD_00051,STR_010,,8,305.63,2445.04,0.0
TXN_0000269,2024-10-17,CUST_00096,PROD_00072,STR_010,,2,12.31,24.62,0.0
TXN_0000270,2023-01-10,CUST_00124,PROD_00009,STR_006,,10,286.26,2862.6,0.0
TXN_0000271,2023-02-19,CUST_00067,PROD_00084,STR_005,,5,642.39,3211.95,0.0
TXN_0000272,2024-04-09,CUST_00015,PROD_00077,STR_007,,4,154.18,616.72,0.0
TXN_0000273,2022-03-28,CUST_00168,PROD_00064,STR_005,,6,682.35,4094.1,0.0
TXN_0000274,2022-12-07,CUST_00189,PROD_00005,STR_010,,5,907.38,4536.9,0.0
TXN_0000275,2024-06-13,CUST_00183,PROD_00029,STR_009,,10,816.93,8169.3,0.0
TXN_0000276,2023-08-27,CUST_00130,PROD_00039,STR_003,,8,906.99,7255.92,0.0
TXN_0000277,2023-07-06,CUST_00186,PROD_00072,STR_003,PROMO_0003,9,185.23,1027.89,639.18
TXN_0000278,2022-09-27,CUST_00079,PROD_00054,STR_006,PROMO_0004,6,656.16,2421.65,1515.31
TXN_0000279,2022-10-01,CUST_00014,PROD_00082,STR_010,PROMO_0014,6,264.26,1422.24,163.32
TXN_0000280,2023-01-03,CUST_00031,PROD_00088,STR_007,PROMO_0015,10,944.58,8146.58,1299.22
TXN_0000281,2024-07-09,CUST_00052,PROD_00044,STR_007,PROMO_0014,9,301.86,2396.57,320.17
TXN_0000282,2023-05-10,CUST_00037,PROD_00041,STR_003,,10,893.38,8933.8,0.0
TXN_0000283,2024-12-19,CUST_00046,PROD_00041,STR_001,,2,490.14,980.28,0.0
TXN_0000284,2023-07-12,CUST_00196,PROD_00021,STR_008,PROMO_0013,1,454.79,397.54,57.25
TXN_0000285,2024-07-07,CUST_00110,PROD_00052,STR_007,,2,133.76,267.52,0.0
TXN_0000286,2022-02-13,CUST_00004,PROD_00042,STR_009,PROMO_0004,8,386.4,1920.26,1170.94
TXN_0000287,2024-12-28,CUST_00178,PROD_00045,STR_005,PROMO_0012,4,22.83,76.53,14.79
TXN_0000288,2024-12-24,CUST_00079,PROD_00022,STR_002,,3,107.19,321.57,0.0
TXN_0000289,2023-07-01,CUST_00135,PROD_00044,STR_007,PROMO_0012,1,301.71,215.99,85.72
TXN_0000290,2024-05-31,CUST_00092,PROD_00097,STR_004,,3,346.02,1038.06,0.0
TXN_0000291,2024-05-25,CUST_00104,PROD_00003,STR_004,,3,948.34,2845.02,0.0
TXN_0000292,2022-08-09,CUST_00130,PROD_00022,STR_002,PROMO_0012,4,728.53,2739.68,174.44
TXN_0000293,2024-05-24,CUST_00097,PROD_00082,STR_005,,6,712.55,4275.3,0.0
TXN_0000294,2022-10-20,CUST_00013,PROD_00085,STR_002,,9,625.02,5625.18,0.0
TXN_0000295,2024-02-04,CUST_00141,PROD_00033,STR_008,PROMO_0008,1,52.99,41.27,11.72
TXN_0000296,2024-04-22,CUST_00003,PROD_00039,STR_007,,3,209.47,628.41,0.0
TXN_0000297,2023-04-26,CUST_00108,PROD_00014,STR_009,PROMO_0010,2,664.17,843.06,485.28
TXN_0000298,2022-09-30,CUST_00156,PROD_00026,STR_005,PROMO_0002,10,122.15,886.83,334.67
TXN_0000299,2024-02-01,CUST_00105,PROD_00038,STR_003,,9,973.25,8759.25,0.0
TXN_0000300,2022-02-28,CUST_00177,PROD_00062,STR_006,,1,550.4,550.4,0.0
TXN_0000301,2022-05-21,CUST_00029,PROD_00074,STR_008,,4,7.72,30.88,0.0
TXN_0000302,2022-03-29,CUST_00020,PROD_00093,STR_002,,3,949.7,2849.1,0.0
TXN_0000303,2022-12-28,CUST_00076,PROD_00034,STR_008,,5,646.12,3230.6,0.0
TXN_0000304,2024-07-23,CUST_00093,PROD_00087,STR_006,PROMO_0001,1,104.31,59.09,45.22
TXN_0000305,2022-12-06,CUST_00003,PROD_00018,STR_003,PROMO_0013,7,739.85,2845.15,2333.8
TXN_0000306,2022-01-31,CUST_00160,PROD_00035,STR_002,,6,360.74,2164.44,0.0
TXN_0000307,2024-03-28,CUST_00117,PROD_00035,STR_007,PROMO_0007,6,815.89,3768.86,1126.48
TXN_0000308,2024-01-13,CUST_00043,PROD_00015,STR_003,,8,800.9,6407.2,0.0
TXN_0000309,2022-01-02,CUST_00027,PROD_00054,STR_010,,1,981.66,981.66,0.0
TXN_0000310,2023-05-31,CUST_00047,PROD_00079,STR_007,,8,803.25,6426.0,0.0
TXN_0000311,2024-08-12,CUST_00187,PROD_00017,STR_008,,6,613.3,3679.8,0.0
TXN_0000312,2022-11-09,CUST_00012,PROD_00009,STR_005,,8,117.37,938.96,0.0
TXN_0000313,2022-07-22,CUST_00135,PROD_00099,STR_010,,6,17.3,103.8,0.0
TXN_0000314,2023-06-14,CUST_00087,PROD_00067,STR_009,,10,227.86,2278.6,0.0
TXN_0000315,2022-10-03,CUST_00064,PROD_00062,STR_006,,10,99.77,997.7,0.0
TXN_0000316,2023-05-18,CUST_00157,PROD_00007,STR_001,,7,152.91,1070.37,0.0
TXN_0000317,2022-04-03,CUST_00127,PROD_00022,STR_002,,3,508.04,1524.12,0.0
TXN_0000318,2022-02-04,CUST_00072,PROD_00007,STR_009,,8,324.03,2592.24,0.0
TXN_0000319,2022-08-18,CUST_00061,PROD_00011,STR_008,,4,552.74,2210.96,0.0
TXN_0000320,2024-06-30,CUST_00128,PROD_00058,STR_006,,8,802.25,6418.0,0.0
TXN_0000321,2024-12-30,CUST_00005,PROD_00014,STR_007,,2,980.77,1961.54,0.0
TXN_0000322,2022-08-09,CUST_00024,PROD_00078,STR_010,,7,40.65,284.55,0.0
TXN_0000323,2022-06-22,CUST_00168,PROD_00086,STR_008,,5,890.66,4453.3,0.0
TXN_0000324,2024-03-28,CUST_00085,PROD_00072,STR_010,PROMO_0004,6,366.53,1253.66,945.52
TXN_0000325,2023-07-21,CUST_00184,PROD_00058,STR_002,,10,475.77,4757.7,0.0
TXN_0000326,2022-04-23,CUST_00163,PROD_00038,STR_009,PROMO_0006,2,760.52,1201.91,319.13
TXN_0000327,2023-08-04,CUST_00036,PROD_00092,STR_007,PROMO_0015,9,377.02,2972.87,420.31
TXN_0000328,2024-12-30,CUST_00101,PROD_00028,STR_008,PROMO_0002,2,258.02,274.23,241.81
TXN_0000329,2024-10-25,CUST_00163,PROD_00087,STR_010,PROMO_0007,4,718.2,2669.05,203.75
TXN_0000330,2023-09-07,CUST_00169,PROD_00076,STR_009,,2,773.28,1546.56,0.0
TXN_0000331,2024-06-29,CUST_00111,PROD_00075,STR_008,PROMO_0012,3,964.04,2684.3,207.82
TXN_0000332,2022-06-06,CUST_00178,PROD_00075,STR_003,,9,782.18,7039.62,0.0
TXN_0000333,2023-06-07,CUST_00156,PROD_00042,STR_009,,3,108.04,324.12,0.0
TXN_0000334,2023-04-14,CUST_00178,PROD_00098,STR_004,,7,421.57,2950.99,0.0
TXN_0000335,2023-05-17,CUST_00076,PROD_00058,STR_003,,5,400.88,2004.4,0.0
TXN_0000336,2022-07-31,CUST_00192,PROD_00066,STR_005,,3,415.68,1247.04,0.0
TXN_0000337,2022-09-02,CUST_00142,PROD_00081,STR_004,,9,861.4,7752.6,0.0
TXN_0000338,2023-11-10,CUST_00176,PROD_00045,STR_003,,4,213.66,854.64,0.0
TXN_0000339,2024-09-20,CUST_00083,PROD_00091,STR_002,,3,506.37,1519.11,0.0
TXN_0000340,2024-01-27,CUST_00171,PROD_00091,STR_007,,6,564.47,3386.82,0.0
TXN_0000341,2024-10-05,CUST_00004,PROD_00067,STR_002,,9,289.5,2605.5,0.0
TXN_0000342,2023-05-08,CUST_00193,PROD_00021,STR_005,PROMO_0001,1,383.97,330.23,53.74
TXN_0000343,2022-09-28,CUST_00193,PROD_00070,STR_001,PROMO_0013,5,150.7,615.75,137.75
TXN_0000344,2024-05-23,CUST_00144,PROD_00029,STR_009,PROMO_0014,6,814.96,3158.85,1730.91
TXN_0000345,2024-12-13,CUST_00179,PROD_00037,STR_001,,7,241.41,1689.87,0.0
TXN_0000346,2024-08-11,CUST_00176,PROD_00041,STR_009,,7,390.62,2734.34,0.0
TXN_0000347,2023-07-09,CUST_00114,PROD_00029,STR_006,PROMO_0010,1,17.9,10.01,7.89
TXN_0000348,2022-12-13,CUST_00199,PROD_00093,STR_004,,10,548.88,5488.8,0.0
TXN_0000349,2024-10-30,CUST_00020,PROD_00024,STR_003,,5,451.57,2257.85,0.0
TXN_0000350,2024-07-03,CUST_00034,PROD_00021,STR_010,PROMO_0005,9,123.76,779.17,334.67
TXN_0000351,2022-09-30,CUST_00040,PROD_00006,STR_003,,5,10.62,53.1,0.0
TXN_0000352,2023-08-11,CUST_00161,PROD_00079,STR_005,,6,598.9,3593.4,0.0
TXN_0000353,2023-04-22,CUST_00019,PROD_00091,STR_006,,8,790.96,6327.68,0.0
TXN_0000354,2024-12-05,CUST_00041,PROD_00054,STR_009,PROMO_0002,9,223.86,1201.16,813.58
TXN_0000355,2023-04-03,CUST_00055,PROD_00085,STR_006,,9,406.4,3657.6,0.0
TXN_0000356,2022-07-17,CUST_00122,PROD_00072,STR_001,PROMO_0013,6,363.99,1467.11,716.83
TXN_0000357,2022-10-04,CUST_00165,PROD_00079,STR_010,,2,670.59,1341.18,0.0
TXN_0000358,2022-01-03,CUST_00083,PROD_00049,STR_002,,4,959.1,3836.4,0.0
TXN_0000359,2024-12-26,CUST_00007,PROD_00067,STR_006,,7,260.31,1822.17,0.0
TXN_0000360,2024-06-08,CUST_00012,PROD_00038,STR_004,,9,803.8,7234.2,0.0
TXN_0000361,2023-09-01,CUST_00043,PROD_00099,STR_009,,6,516.33,3097.98,0.0
TXN_0000362,2024-05-31,CUST_00055,PROD_00088,STR_007,PROMO_0011,9,12.29,73.75,36.86
TXN_0000363,2022-02-20,CUST_00190,PROD_00100,STR_007,,2,209.55,419.1,0.0
TXN_0000364,2022-10-10,CUST_00010,PROD_00012,STR_002,PROMO_0008,2,748.16,938.81,557.51
TXN_0000365,2024-07-24,CUST_00059,PROD_00034,STR_007,PROMO_0002,1,182.1,125.88,56.22
TXN_0000366,2023-05-10,CUST_00081,PROD_00003,STR_007,,7,453.87,3177.09,0.0
TXN_0000367,2024-08-07,CUST_00159,PROD_00009,STR_010,,2,537.16,1074.32,0.0
TXN_0000368,2022-12-10,CUST_00075,PROD_00088,STR_005,PROMO_0015,1,702.38,508.33,194.05
TXN_0000369,2024-09-20,CUST_00113,PROD_00049,STR_007,,10,91.07,910.7,0.0
TXN_0000370,2024-05-28,CUST_00035,PROD_00096,STR_007,,1,476.62,476.62,0.0
TXN_0000371,2022-06-11,CUST_00077,PROD_00087,STR_006,,9,298.5,2686.5,0.0
TXN_0000372,2024-02-10,CUST_00032,PROD_00006,STR_001,,1,555.76,555.76,0.0
TXN_0000373,2022-08-07,CUST_00022,PROD_00040,STR_004,,10,598.67,5986.7,0.0
TXN_0000374,2023-05-30,CUST_00132,PROD_00019,STR_003,,6,215.68,1294.08,0.0
TXN_0000375,2022-05-01,CUST_00050,PROD_00015,STR_003,,3,224.68,674.04,0.0
TXN_0000376,2023-01-05,CUST_00141,PROD_00060,STR_009,,10,852.99,8529.9,0.0
TXN_0000377,2023-06-23,CUST_00149,PROD_00063,STR_006,PROMO_0002,2,294.2,506.71,81.69
TXN_0000378,2023-05-12,CUST_00026,PROD_00037,STR_010,,6,132.57,795.42,0.0
TXN_0000379,2022-09-18,CUST_00116,PROD_00043,STR_010,,2,900.62,1801.24,0.0
TXN_0000380,2024-09-15,CUST_00081,PROD_00055,STR_003,PROMO_0010,5,694.99,2731.23,743.72
TXN_0000381,2022-05-18,CUST_00183,PROD_00095,STR_007,,1,316.65,316.65,0.0
TXN_0000382,2024-11-06,CUST_00123,PROD_00060,STR_008,PROMO_0012,5,840.91,3366.99,837.56
TXN_0000383,2024-09-19,CUST_00028,PROD_00023,STR_010,,6,775.89,4655.34,0.0
TXN_0000384,2023-06-06,CUST_00036,PROD_00069,STR_004,,2,842.58,1685.16,0.0
TXN_0000385,2023-11-25,CUST_00187,PROD_00010,STR_001,,5,734.88,3674.4,0.0
TXN_0000386,2022-01-18,CUST_00149,PROD_00052,STR_010,,9,633.47,5701.23,0.0
TXN_0000387,2023-02-16,CUST_00140,PROD_00070,STR_008,,4,906.77,3627.08,0.0
TXN_0000388,2022-11-22,CUST_00075,PROD_00018,STR_008,PROMO_0013,3,368.99,757.92,349.05
TXN_0000389,2023-01-23,CUST_00129,PROD_00002,STR_004,,9,512.86,4615.74,0.0
TXN_0000390,2024-12-12,CUST_00036,PROD_00058,STR_003,,10,685.74,6857.4,0.0
TXN_0000391,2022-04-16,CUST_00038,PROD_00095,STR_008,,3,568.53,1705.59,0.0
TXN_0000392,2023-06-29,CUST_00060,PROD_00009,STR_005,,6,45.22,271.32,0.0
TXN_0000393,2023-02-03,CUST_00133,PROD_00047,STR_007,,6,237.85,1427.1,0.0
TXN_0000394,2022-06-17,CUST_00011,PROD_00084,STR_006,,8,918.31,7346.48,0.0
TXN_0000395,2022-01-02,CUST_00071,PROD_00095,STR_005,,2,705.22,1410.44,0.0
TXN_0000396,2022-03-16,CUST_00151,PROD_00084,STR_002,PROMO_0011,10,546.63,4261.89,1204.41
TXN_0000397,2023-08-23,CUST_00058,PROD_00067,STR_007,,9,255.33,2297.97,0.0
TXN_0000398,2023-11-12,CUST_00124,PROD_00078,STR_001,,6,818.15,4908.9,0.0
TXN_0000399,2023-10-14,CUST_00059,PROD_00010,STR_009,,9,882.62,7943.58,0.0
TXN_0000400,2022-09-16,CUST_00031,PROD_00085,STR_004,PROMO_0006,5,215.46,731.58,345.72
TXN_0000401,2023-10-06,CUST_00124,PROD_00087,STR_008,,7,812.12,5684.84,0.0
TXN_0000402,2024-02-05,CUST_00063,PROD_00006,STR_003,PROMO_0014,8,214.65,1313.82,403.38
TXN_0000403,2023-08-12,CUST_00147,PROD_00019,STR_001,PROMO_0009,10,594.39,5541.88,402.02
TXN_0000404,2023-06-30,CUST_00145,PROD_00082,STR_001,PROMO_0007,3,261.97,534.65,251.26
TXN_0000405,2024-04-28,CUST_00124,PROD_00022,STR_004,PROMO_0010,5,947.52,2384.2,2353.4
TXN_0000406,2023-08-07,CUST_00197,PROD_00024,STR_010,,7,602.83,4219.81,0.0
TXN_0000407,2022-06-07,CUST_00088,PROD_00059,STR_010,,9,268.2,2413.8,0.0
TXN_0000408,2024-01-15,CUST_00034,PROD_00014,STR_001,,10,73.5,735.0,0.0
TXN_0000409,2024-06-16,CUST_00176,PROD_00054,STR_003,,4,525.1,2100.4,0.0
TXN_0000410,2024-10-08,CUST_00158,PROD_00077,STR_001,,10,100.82,1008.2,0.0
TXN_0000411,2024-12-03,CUST_00155,PROD_00070,STR_001,PROMO_0008,9,505.81,2973.89,1578.4
TXN_0000412,2022-12-17,CUST_00012,PROD_00090,STR_009,,7,524.43,3671.01,0.0
TXN_0000413,2022-09-10,CUST_00197,PROD_00049,STR_006,,7,233.34,1633.38,0.0
TXN_0000414,2023-12-03,CUST_00179,PROD_00074,STR_002,,10,805.6,8056.0,0.0
TXN_0000415,2022-04-25,CUST_00060,PROD_00011,STR_005,,7,138.21,967.47,0.0
TXN_0000416,2022-02-21,CUST_00049,PROD_00001,STR_001,,10,877.38,8773.8,0.0
TXN_0000417,2023-04-04,CUST_00097,PROD_00084,STR_004,,10,524.93,5249.3,0.0
TXN_0000418,2022-02-01,CUST_00065,PROD_00034,STR_009,PROMO_0007,6,411.8,1622.8,848.0
TXN_0000419,2023-05-11,CUST_00175,PROD_00051,STR_004,,7,566.85,3967.95,0.0
TXN_0000420,2023-02-10,CUST_00046,PROD_00048,STR_009,,7,554.34,3880.38,0.0
TXN_0000421,2022-06-12,CUST_00148,PROD_00045,STR_007,,9,486.34,4377.06,0.0
TXN_0000422,2022-04-26,CUST_00192,PROD_00030,STR_008,,3,855.72,2567.16,0.0
TXN_0000423,2023-06-15,CUST_00087,PROD_00071,STR_010,,3,104.78,314.34,0.0
TXN_0000424,2022-09-22,CUST_00002,PROD_00012,STR_003,,1,164.93,164.93,0.0
TXN_0000425,2023-08-07,CUST_00017,PROD_00034,STR_004,,8,926.23,7409.84,0.0
TXN_0000426,2022-09-07,CUST_00103,PROD_00079,STR_009,PROMO_0007,6,84.64,269.76,238.08
TXN_0000427,2022-04-27,CUST_00199,PROD_00023,STR_008,,5,713.05,3565.25,0.0
TXN_0000428,2024-04-29,CUST_00133,PROD_00037,STR_004,,8,15.66,125.28,0.0
TXN_0000429,2022-05-25,CUST_00179,PROD_00030,STR_010,,1,785.04,785.04,0.0
TXN_0000430,2023-06-09,CUST_00168,PROD_00001,STR_003,,3,675.65,2026.95,0.0
TXN_0000431,2024-07-11,CUST_00091,PROD_00086,STR_007,,2,996.83,1993.66,0.0
TXN_0000432,2024-08-11,CUST_00189,PROD_00091,STR_002,,7,588.15,4117.05,0.0
TXN_0000433,2024-01-20,CUST_00144,PROD_00075,STR_006,,2,551.84,1103.68,0.0
TXN_0000434,2024-12-30,CUST_00117,PROD_00052,STR_010,PROMO_0010,6,963.47,2986.51,2794.31
TXN_0000435,2022-02-18,CUST_00028,PROD_00072,STR_002,,1,264.8,264.8,0.0
TXN_0000436,2023-11-02,CUST_00132,PROD_00033,STR_009,,9,297.78,2680.02,0.0
TXN_0000437,2024-10-12,CUST_00097,PROD_00073,STR_008,,10,253.89,2538.9,0.0
TXN_0000438,2022-09-14,CUST_00118,PROD_00088,STR_008,,4,758.69,3034.76,0.0
TXN_0000439,2024-08-01,CUST_00067,PROD_00009,STR_007,,10,862.71,8627.1,0.0
TXN_0000440,2023-11-06,CUST_00091,PROD_00067,STR_009,PROMO_0006,4,678.53,2074.7,639.42
TXN_0000441,2022-09-02,CUST_00173,PROD_00096,STR_006,PROMO_0005,1,702.31,637.8,64.51
TXN_0000442,2022-03-25,CUST_00147,PROD_00035,STR_003,PROMO_0006,2,556.78,880.72,232.84
TXN_0000443,2022-06-07,CUST_00068,PROD_00027,STR_004,PROMO_0012,4,501.5,1687.2,318.8
TXN_0000444,2023-05-30,CUST_00092,PROD_00020,STR_002,,4,835.77,3343.08,0.0
TXN_0000445,2022-11-16,CUST_00170,PROD_00064,STR_010,,2,920.59,1841.18,0.0
TXN_0000446,2022-10-23,CUST_00011,PROD_00062,STR_006,,1,765.42,765.42,0.0
TXN_0000447,2023-09-28,CUST_00148,PROD_00036,STR_008,,10,318.84,3188.4,0.0
TXN_0000448,2024-12-19,CUST_00072,PROD_00051,STR_004,,3,984.47,2953.41,0.0
TXN_0000449,2024-05-10,CUST_00109,PROD_00062,STR_009,,10,132.6,1326.0,0.0
TXN_0000450,2024-04-19,CUST_00176,PROD_00100,STR_003,,1,504.96,504.96,0.0
TXN_0000451,2023-02-17,CUST_00118,PROD_00041,STR_001,,8,976.62,7812.96,0.0
TXN_0000452,2024-10-23,CUST_00026,PROD_00042,STR_006,,1,675.73,675.73,0.0
TXN_0000453,2023-03-14,CUST_00121,PROD_00079,STR_006,PROMO_0005,10,862.53,7273.61,1351.69
TXN_0000454,2023-04-07,CUST_00108,PROD_00090,STR_006,,6,187.99,1127.94,0.0
TXN_0000455,2023-01-05,CUST_00148,PROD_00088,STR_004,PROMO_0003,6,855.05,3554.61,1575.69
TXN_0000456,2022-05-30,CUST_00143,PROD_00056,STR_007,,2,722.21,1444.42,0.0
TXN_0000457,2022-03-19,CUST_00039,PROD_00061,STR_001,,4,150.11,600.44,0.0
TXN_0000458,2023-09-03,CUST_00133,PROD_00069,STR_006,PROMO_0015,3,424.41,722.91,550.32
TXN_0000459,2024-06-07,CUST_00146,PROD_00007,STR_007,,8,303.53,2428.24,0.0
TXN_0000460,2024-05-03,CUST_00162,PROD_00013,STR_008,PROMO_0014,2,692.09,1156.58,227.6
TXN_0000461,2024-02-02,CUST_00143,PROD_00033,STR_006,,6,263.47,1580.82,0.0
TXN_0000462,2022-08-27,CUST_00174,PROD_00078,STR_004,,1,414.7,414.7,0.0
TXN_0000463,2022-03-26,CUST_00045,PROD_00100,STR_005,,10,578.01,5780.1,0.0
TXN_0000464,2023-07-15,CUST_00199,PROD_00095,STR_008,,6,328.46,1970.76,0.0
TXN_0000465,2022-01-06,CUST_00043,PROD_00082,STR_006,PROMO_0011,2,384.17,399.18,369.16
TXN_0000466,2023-10-27,CUST_00019,PROD_00011,STR_003,,7,633.12,4431.84,0.0
TXN_0000467,2022-05-17,CUST_00075,PROD_00091,STR_005,,6,232.08,1392.48,0.0
TXN_0000468,2023-04-03,CUST_00093,PROD_00096,STR_010,PROMO_0008,10,646.42,3869.22,2594.98
TXN_0000469,2024-10-25,CUST_00048,PROD_00003,STR_003,,9,965.7,8691.3,0.0
TXN_0000470,2024-08-29,CUST_00180,PROD_00096,STR_002,,4,663.71,2654.84,0.0
TXN_0000471,2024-07-21,CUST_00122,PROD_00071,STR_001,PROMO_0002,4,171.08,361.62,322.7
TXN_0000472,2024-01-17,CUST_00022,PROD_00014,STR_005,,1,772.08,772.08,0.0
TXN_0000473,2022-11-07,CUST_00100,PROD_00040,STR_004,,10,159.5,1595.0,0.0
TXN_0000474,2022-05-31,CUST_00033,PROD_00017,STR_009,,4,738.91,2955.64,0.0
TXN_0000475,2022-02-09,CUST_00084,PROD_00061,STR_008,,3,33.43,100.29,0.0
TXN_0000476,2022-11-18,CUST_00035,PROD_00090,STR_009,,9,935.18,8416.62,0.0
TXN_0000477,2022-09-23,CUST_00192,PROD_00082,STR_010,,3,592.88,1778.64,0.0
TXN_0000478,2024-09-18,CUST_00080,PROD_00045,STR_008,,7,525.84,3680.88,0.0
TXN_0000479,2023-03-30,CUST_00067,PROD_00020,STR_005,PROMO_0005,9,230.99,1632.77,446.14
TXN_0000480,2022-05-08,CUST_00035,PROD_00045,STR_005,,1,5.09,5.09,0.0
TXN_0000481,2024-01-06,CUST_00126,PROD_00097,STR_008,,8,537.42,4299.36,0.0
TXN_0000482,2022-06-29,CUST_00075,PROD_00077,STR_004,,5,14.09,70.45,0.0
TXN_0000483,2023-04-25,CUST_00102,PROD_00032,STR_003,PROMO_0015,1,550.47,384.09,166.38
TXN_0000484,2023-09-10,CUST_00062,PROD_00067,STR_010,PROMO_0002,7,829.28,4411.72,1393.24
TXN_0000485,2024-01-02,CUST_00069,PROD_00053,STR_004,,5,288.25,1441.25,0.0
TXN_0000486,2024-01-30,CUST_00116,PROD_00035,STR_010,PROMO_0011,2,186.5,277.92,95.08
TXN_0000487,2024-10-23,CUST_00006,PROD_00024,STR_002,PROMO_0001,8,191.85,788.32,746.48
TXN_0000488,2023-02-16,CUST_00187,PROD_00002,STR_004,,5,272.85,1364.25,0.0
TXN_0000489,2022-05-22,CUST_00088,PROD_00054,STR_005,,2,154.93,309.86,0.0
TXN_0000490,2024-09-24,CUST_00009,PROD_00043,STR_002,,8,997.97,7983.76,0.0
TXN_0000491,2024-04-25,CUST_00019,PROD_00070,STR_008,,3,60.76,182.28,0.0
TXN_0000492,2023-08-26,CUST_00098,PROD_00002,STR_002,,3,196.23,588.69,0.0
TXN_0000493,2022-10-15,CUST_00064,PROD_00095,STR_001,,4,387.87,1551.48,0.0
TXN_0000494,2023-07-31,CUST_00134,PROD_00086,STR_004,,4,463.53,1854.12,0.0
TXN_0000495,2023-08-16,CUST_00083,PROD_00021,STR_001,,8,392.18,3137.44,0.0
TXN_0000496,2023-07-28,CUST_00093,PROD_00007,STR_004,PROMO_0011,9,523.32,3841.07,868.81
TXN_0000497,2022-10-17,CUST_00004,PROD_00022,STR_005,,2,239.79,479.58,0.0
TXN_0000498,2023-11-24,CUST_00003,PROD_00006,STR_010,,10,124.05,1240.5,0.0
TXN_0000499,2022-03-11,CUST_00041,PROD_00064,STR_002,PROMO_0013,8,689.96,5021.44,498.24
TXN_0000500,2023-02-14,CUST_00195,PROD_00081,STR_001,,10,341.73,3417.3,0.0
TXN_0000501,2023-11-15,CUST_00033,PROD_00063,STR_004,PROMO_0009,1,358.74,213.03,145.71
TXN_0000502,2023-12-24,CUST_00194,PROD_00045,STR_008,,6,981.77,5890.62,0.0
TXN_0000503,2023-02-14,CUST_00186,PROD_00018,STR_005,,4,26.25,105.0,0.0
TXN_0000504,2022-12-18,CUST_00076,PROD_00070,STR_008,,1,487.88,487.88,0.0
TXN_0000505,2023-02-22,CUST_00083,PROD_00094,STR_008,,4,568.87,2275.48,0.0
TXN_0000506,2024-05-26,CUST_00142,PROD_00021,STR_002,,5,868.32,4341.6,0.0
TXN_0000507,2022-04-06,CUST_00117,PROD_00001,STR_009,PROMO_0005,9,159.25,1012.27,420.98
TXN_0000508,2022-08-23,CUST_00159,PROD_00047,STR_010,,7,734.99,5144.93,0.0
TXN_0000509,2024-12-17,CUST_00049,PROD_00068,STR_008,PROMO_0009,4,324.09,753.74,542.62
TXN_0000510,2024-11-02,CUST_00029,PROD_00013,STR_009,PROMO_0007,9,158.36,942.93,482.31
TXN_0000511,2022-05-31,CUST_00046,PROD_00005,STR_004,,2,48.56,97.12,0.0
TXN_0000512,2022-05-14,CUST_00100,PROD_00085,STR_008,PROMO_0010,2,487.94,645.26,330.62
TXN_0000513,2024-11-03,CUST_00013,PROD_00047,STR_004,,9,625.85,5632.65,0.0
TXN_0000514,2023-06-19,CUST_00126,PROD_00011,STR_008,PROMO_0015,10,719.26,6157.35,1035.25
TXN_0000515,2024-04-21,CUST_00107,PROD_00048,STR_001,,1,364.12,364.12,0.0
TXN_0000516,2023-10-06,CUST_00020,PROD_00028,STR_009,PROMO_0002,10,269.49,1548.21,1146.69
TXN_0000517,2024-07-05,CUST_00135,PROD_00085,STR_004,PROMO_0007,2,105.72,182.84,28.6
TXN_0000518,2022-12-20,CUST_00192,PROD_00014,STR_010,PROMO_0012,10,627.2,4383.1,1888.9
TXN_0000519,2024-05-09,CUST_00110,PROD_00014,STR_003,,6,676.12,4056.72,0.0
TXN_0000520,2022-04-05,CUST_00169,PROD_00021,STR_009,,3,552.22,1656.66,0.0
TXN_0000521,2023-08-25,CUST_00081,PROD_00071,STR_006,,10,445.8,4458.0,0.0
TXN_0000522,2024-03-22,CUST_00186,PROD_00042,STR_010,,6,415.28,2491.68,0.0
TXN_0000523,2023-10-13,CUST_00191,PROD_00033,STR_006,PROMO_0013,4,565.33,1588.33,672.99
TXN_0000524,2024-04-11,CUST_00186,PROD_00005,STR_005,,8,450.26,3602.08,0.0
TXN_0000525,2024-12-03,CUST_00077,PROD_00029,STR_004,PROMO_0015,10,21.22,172.77,39.43
TXN_0000526,2024-01-08,CUST_00177,PROD_00036,STR_009,,6,26.59,159.54,0.0
TXN_0000527,2024-06-08,CUST_00040,PROD_00013,STR_001,,9,558.54,5026.86,0.0
TXN_0000528,2023-01-02,CUST_00064,PROD_00030,STR_005,PROMO_0006,8,358.88,1578.12,1292.92
TXN_0000529,2024-01-10,CUST_00056,PROD_00094,STR_002,,5,96.45,482.25,0.0
TXN_0000530,2023-04-10,CUST_00180,PROD_00074,STR_002,PROMO_0014,6,793.94,2598.28,2165.36
TXN_0000531,2022-05-03,CUST_00021,PROD_00100,STR_001,PROMO_0013,10,644.04,4448.21,1992.19
TXN_0000532,2023-09-06,CUST_00107,PROD_00016,STR_004,,6,351.19,2107.14,0.0
TXN_0000533,2022-02-23,CUST_00162,PROD_00049,STR_001,,10,929.01,9290.1,0.0
TXN_0000534,2024-02-19,CUST_00145,PROD_00020,STR_006,,5,526.76,2633.8,0.0
TXN_0000535,2024-06-06,CUST_00101,PROD_00058,STR_010,PROMO_0011,9,699.28,3906.95,2386.57
TXN_0000536,2024-03-13,CUST_00038,PROD_00017,STR_006,PROMO_0005,10,507.21,3023.65,2048.45
TXN_0000537,2024-06-06,CUST_00141,PROD_00052,STR_005,,2,478.48,956.96,0.0
TXN_0000538,2024-11-18,CUST_00179,PROD_00017,STR_003,,2,401.53,803.06,0.0
TXN_0000539,2024-08-21,CUST_00167,PROD_00074,STR_004,,8,561.5,4492.0,0.0
TXN_0000540,2022-08-18,CUST_00064,PROD_00032,STR_002,,9,617.92,5561.28,0.0
TXN_0000541,2022-07-06,CUST_00148,PROD_00012,STR_002,,5,777.89,3889.45,0.0
TXN_0000542,2023-11-29,CUST_00083,PROD_00045,STR_010,,7,426.42,2984.94,0.0
TXN_0000543,2022-09-26,CUST_00114,PROD_00080,STR_003,PROMO_0006,1,770.83,518.54,252.29
TXN_0000544,2022-09-17,CUST_00052,PROD_00088,STR_006,,8,49.65,397.2,0.0
TXN_0000545,2022-11-26,CUST_00029,PROD_00095,STR_001,,3,758.95,2276.85,0.0
TXN_0000546,2022-10-27,CUST_00074,PROD_00002,STR_006,,4,949.2,3796.8,0.0
TXN_0000547,2022-07-16,CUST_00085,PROD_00027,STR_009,,2,308.59,617.18,0.0
TXN_0000548,2022-03-08,CUST_00067,PROD_00071,STR_008,,4,207.78,831.12,0.0
TXN_0000549,2023-10-20,CUST_00097,PROD_00075,STR_009,PROMO_0012,10,731.27,4748.01,2564.69
TXN_0000550,2022-05-02,CUST_00159,PROD_00035,STR_001,PROMO_0004,1,259.18,154.18,105.0
TXN_0000551,2024-11-27,CUST_00170,PROD_00085,STR_006,PROMO_0007,8,656.48,3428.57,1823.27
TXN_0000552,2023-11-08,CUST_00167,PROD_00050,STR_004,,2,23.98,47.96,0.0
TXN_0000553,2022-11-10,CUST_00081,PROD_00063,STR_010,,7,511.0,3577.0,0.0
TXN_0000554,2024-09-01,CUST_00183,PROD_00003,STR_001,PROMO_0008,9,92.58,581.33,251.89
TXN_0000555,2022-08-18,CUST_00126,PROD_00051,STR_003,,4,922.66,3690.64,0.0
TXN_0000556,2024-07-13,CUST_00161,PROD_00039,STR_004,,1,350.05,350.05,0.0
TXN_0000557,2023-02-05,CUST_00008,PROD_00072,STR_005,PROMO_0005,9,279.5,1395.08,1120.42
TXN_0000558,2023-05-12,CUST_00169,PROD_00018,STR_002,,4,155.95,623.8,0.0
TXN_0000559,2022-04-15,CUST_00161,PROD_00088,STR_004,,7,523.11,3661.77,0.0
TXN_0000560,2022-05-16,CUST_00085,PROD_00058,STR_009,PROMO_0005,7,244.16,923.98,785.14
TXN_0000561,2023-08-26,CUST_00052,PROD_00018,STR_005,PROMO_0009,3,210.72,405.96,226.2
TXN_0000562,2024-05-14,CUST_00198,PROD_00019,STR_010,,9,910.01,8190.09,0.0
TXN_0000563,2023-09-10,CUST_00185,PROD_00016,STR_003,,3,320.91,962.73,0.0
TXN_0000564,2024-05-07,CUST_00106,PROD_00053,STR_005,PROMO_0001,6,840.32,3053.16,1988.76
TXN_0000565,2023-05-22,CUST_00164,PROD_00095,STR_005,,8,746.88,5975.04,0.0
TXN_0000566,2023-03-06,CUST_00157,PROD_00079,STR_005,PROMO_0003,3,780.21,2196.0,144.63
TXN_0000567,2024-03-18,CUST_00007,PROD_00046,STR_002,PROMO_0004,10,569.21,4816.03,876.07
TXN_0000568,2023-12-13,CUST_00121,PROD_00092,STR_006,,8,138.42,1107.36,0.0
TXN_0000569,2022-01-20,CUST_00036,PROD_00021,STR_004,,3,852.87,2558.61,0.0
TXN_0000570,2024-12-24,CUST_00004,PROD_00035,STR_007,,4,37.07,148.28,0.0
TXN_0000571,2024-08-25,CUST_00194,PROD_00027,STR_002,,4,743.65,2974.6,0.0
TXN_0000572,2024-07-01,CUST_00158,PROD_00063,STR_006,,3,927.47,2782.41,0.0
TXN_0000573,2024-03-22,CUST_00199,PROD_00006,STR_010,,8,888.15,7105.2,0.0
TXN_0000574,2023-10-14,CUST_00191,PROD_00074,STR_010,,7,721.6,5051.2,0.0
TXN_0000575,2022-06-24,CUST_00010,PROD_00067,STR_002,,9,527.6,4748.4,0.0
TXN_0000576,2023-10-06,CUST_00063,PROD_00067,STR_009,,8,459.62,3676.96,0.0
TXN_0000577,2022-08-21,CUST_00162,PROD_00007,STR_004,PROMO_0007,7,983.91,4943.36,1944.01
TXN_0000578,2022-08-19,CUST_00199,PROD_00037,STR_008,,5,442.36,2211.8,0.0
TXN_0000579,2024-05-30,CUST_00014,PROD_00089,STR_009,,3,425.35,1276.05,0.0
TXN_0000580,2024-07-02,CUST_00024,PROD_00093,STR_009,,3,466.26,1398.78,0.0
TXN_0000581,2024-06-24,CUST_00179,PROD_00070,STR_003,,2,183.87,367.74,0.0
TXN_0000582,2022-06-05,CUST_00046,PROD_00059,STR_010,,7,416.49,2915.43,0.0
TXN_0000583,2022-06-14,CUST_00183,PROD_00021,STR_002,PROMO_0006,4,883.14,2256.34,1276.22
TXN_0000584,2024-05-24,CUST_00093,PROD_00011,STR_009,,2,118.59,237.18,0.0
TXN_0000585,2022-06-06,CUST_00157,PROD_00021,STR_007,,7,728.24,5097.68,0.0
TXN_0000586,2023-03-21,CUST_00086,PROD_00073,STR_003,,9,383.7,3453.3,0.0
TXN_0000587,2024-04-12,CUST_00079,PROD_00040,STR_008,PROMO_0012,3,869.47,2417.76,190.65
TXN_0000588,2023-06-19,CUST_00001,PROD_00080,STR_005,PROMO_0003,5,628.32,1626.74,1514.86
TXN_0000589,2023-10-01,CUST_00140,PROD_00001,STR_010,,1,461.35,461.35,0.0
TXN_0000590,2023-02-15,CUST_00122,PROD_00059,STR_007,,8,241.69,1933.52,0.0
TXN_0000591,2023-08-19,CUST_00063,PROD_00071,STR_005,,8,84.01,672.08,0.0
TXN_0000592,2024-10-14,CUST_00054,PROD_00007,STR_003,,10,630.49,6304.9,0.0
TXN_0000593,2024-01-25,CUST_00038,PROD_00005,STR_010,,3,59.79,179.37,0.0
TXN_0000594,2024-06-07,CUST_00013,PROD_00014,STR_007,,10,301.95,3019.5,0.0
TXN_0000595,2024-08-03,CUST_00153,PROD_00074,STR_009,PROMO_0011,3,165.53,317.23,179.36
TXN_0000596,2024-01-05,CUST_00093,PROD_00005,STR_002,,3,966.46,2899.38,0.0
TXN_0000597,2022-02-28,CUST_00018,PROD_00098,STR_007,,5,326.21,1631.05,0.0
TXN_0000598,2022-09-25,CUST_00032,PROD_00089,STR_005,,9,69.6,626.4,0.0
TXN_0000599,2023-03-04,CUST_00179,PROD_00027,STR_010,,6,529.42,3176.52,0.0
TXN_0000600,2023-09-18,CUST_00162,PROD_00068,STR_002,,1,113.76,113.76,0.0
TXN_0000601,2022-08-12,CUST_00181,PROD_00037,STR_007,,8,725.45,5803.6,0.0
TXN_0000602,2024-08-18,CUST_00091,PROD_00017,STR_010,PROMO_0010,10,848.56,4261.8,4223.8
TXN_0000603,2024-08-03,CUST_00128,PROD_00064,STR_003,,10,498.91,4989.1,0.0
TXN_0000604,2024-11-23,CUST_00007,PROD_00060,STR_002,PROMO_0004,10,236.56,2245.64,119.96
TXN_0000605,2024-12-13,CUST_00106,PROD_00006,STR_006,,4,800.57,3202.28,0.0
TXN_0000606,2023-09-17,CUST_00003,PROD_00082,STR_004,,6,562.61,3375.66,0.0
TXN_0000607,2022-03-02,CUST_00083,PROD_00099,STR_001,PROMO_0005,5,258.15,931.91,358.84
TXN_0000608,2023-09-07,CUST_00186,PROD_00073,STR_010,,2,687.41,1374.82,0.0
TXN_0000609,2023-05-30,CUST_00173,PROD_00062,STR_008,PROMO_0014,1,832.88,664.58,168.3
TXN_0000610,2024-12-08,CUST_00161,PROD_00059,STR_009,,1,647.42,647.42,0.0
TXN_0000611,2023-01-05,CUST_00191,PROD_00008,STR_009,,6,465.16,2790.96,0.0
TXN_0000612,2022-03-18,CUST_00143,PROD_00069,STR_001,,5,567.12,2835.6,0.0
TXN_0000613,2024-01-09,CUST_00091,PROD_00009,STR_003,,4,579.51,2318.04,0.0
TXN_0000614,2023-02-22,CUST_00097,PROD_00081,STR_009,,5,841.54,4207.7,0.0
TXN_0000615,2023-08-02,CUST_00153,PROD_00015,STR_005,,3,573.13,1719.39,0.0
TXN_0000616,2022-02-01,CUST_00061,PROD_00048,STR_008,PROMO_0002,6,711.29,3099.77,1167.97
TXN_0000617,2023-06-09,CUST_00029,PROD_00048,STR_001,,5,220.06,1100.3,0.0
TXN_0000618,2023-04-16,CUST_00007,PROD_00062,STR_009,,4,913.79,3655.16,0.0
TXN_0000619,2023-04-29,CUST_00188,PROD_00068,STR_005,,3,194.26,582.78,0.0
TXN_0000620,2023-03-12,CUST_00133,PROD_00087,STR_003,,6,147.58,885.48,0.0
TXN_0000621,2024-02-03,CUST_00183,PROD_00067,STR_002,,4,725.95,2903.8,0.0
TXN_0000622,2024-12-17,CUST_00023,PROD_00043,STR_008,PROMO_0014,1,314.43,214.62,99.81
TXN_0000623,2024-11-29,CUST_00191,PROD_00040,STR_001,,1,107.59,107.59,0.0
TXN_0000624,2022-06-02,CUST_00054,PROD_00042,STR_004,,10,759.7,7597.0,0.0
TXN_0000625,2022-12-21,CUST_00198,PROD_00057,STR_002,,4,290.13,1160.52,0.0
TXN_0000626,2022-07-28,CUST_00144,PROD_00066,STR_002,PROMO_0001,5,153.57,398.33,369.52
TXN_0000627,2023-04-12,CUST_00070,PROD_00019,STR_005,,4,544.82,2179.28,0.0
TXN_0000628,2023-11-20,CUST_00139,PROD_00057,STR_001,PROMO_0010,10,248.6,1363.55,1122.45
TXN_0000629,2023-05-14,CUST_00013,PROD_00014,STR_007,,3,33.85,101.55,0.0
TXN_0000630,2023-02-23,CUST_00181,PROD_00077,STR_010,,1,90.69,90.69,0.0
TXN_0000631,2023-10-10,CUST_00051,PROD_00092,STR_009,,8,618.23,4945.84,0.0
TXN_0000632,2024-07-28,CUST_00120,PROD_00073,STR_003,,2,973.81,1947.62,0.0
TXN_0000633,2024-09-29,CUST_00120,PROD_00013,STR_008,,2,813.79,1627.58,0.0
TXN_0000634,2022-05-19,CUST_00120,PROD_00061,STR_004,,5,686.06,3430.3,0.0
TXN_0000635,2022-10-19,CUST_00067,PROD_00047,STR_007,,4,148.0,592.0,0.0
TXN_0000636,2023-11-18,CUST_00084,PROD_00059,STR_008,,3,701.12,2103.36,0.0
TXN_0000637,2022-11-25,CUST_00044,PROD_00037,STR_006,PROMO_0008,1,70.04,52.0,18.04
TXN_0000638,2023-09-25,CUST_00104,PROD_00092,STR_002,,10,576.8,5768.0,0.0
TXN_0000639,2024-01-23,CUST_00103,PROD_00076,STR_007,PROMO_0005,6,558.37,2379.54,970.68
TXN_0000640,2024-03-13,CUST_00124,PROD_00050,STR_002,,4,622.77,2491.08,0.0
TXN_0000641,2023-08-04,CUST_00111,PROD_00056,STR_010,,6,212.2,1273.2,0.0
TXN_0000642,2022-03-29,CUST_00190,PROD_00092,STR_010,PROMO_0011,6,546.8,2128.18,1152.62
TXN_0000643,2024-03-11,CUST_00084,PROD_00072,STR_002,,8,118.75,950.0,0.0
TXN_0000644,2022-09-04,CUST_00018,PROD_00077,STR_002,,8,180.29,1442.32,0.0
TXN_0000645,2022-04-12,CUST_00127,PROD_00083,STR_001,,10,772.49,7724.9,0.0
TXN_0000646,2023-04-29,CUST_00163,PROD_00001,STR_003,PROMO_0010,2,221.52,240.81,202.23
TXN_0000647,2024-02-27,CUST_00051,PROD_00027,STR_006,PROMO_0010,3,455.71,943.23,423.9
TXN_0000648,2023-09-19,CUST_00078,PROD_00056,STR_006,,5,572.43,2862.15,0.0
TXN_0000649,2022-07-30,CUST_00131,PROD_00052,STR_003,,2,584.81,1169.62,0.0
TXN_0000650,2024-03-25,CUST_00014,PROD_00001,STR_009,,5,67.1,335.5,0.0
TXN_0000651,2024-06-02,CUST_00180,PROD_00076,STR_007,PROMO_0001,6,114.15,578.15,106.75
TXN_0000652,2022-02-14,CUST_00112,PROD_00070,STR_004,,6,713.21,4279.26,0.0
TXN_0000653,2022-09-27,CUST_00093,PROD_00054,STR_003,PROMO_0007,3,477.5,817.24,615.26
TXN_0000654,2022-10-27,CUST_00035,PROD_00002,STR_002,,5,997.47,4987.35,0.0
TXN_0000655,2022-11-08,CUST_00169,PROD_00056,STR_003,,1,148.28,148.28,0.0
TXN_0000656,2022-03-31,CUST_00117,PROD_00090,STR_010,,2,141.53,283.06,0.0
TXN_0000657,2023-01-23,CUST_00109,PROD_00071,STR_008,,7,625.13,4375.91,0.0
TXN_0000658,2022-02-21,CUST_00128,PROD_00094,STR_004,PROMO_0010,7,358.53,2375.83,133.88
TXN_0000659,2023-12-11,CUST_00148,PROD_00047,STR_001,,9,272.9,2456.1,0.0
TXN_0000660,2022-03-20,CUST_00029,PROD_00075,STR_008,,1,570.31,570.31,0.0
TXN_0000661,2023-07-14,CUST_00193,PROD_00100,STR_005,,2,146.38,292.76,0.0
TXN_0000662,2024-12-30,CUST_00157,PROD_00012,STR_004,,8,519.36,4154.88,0.0
TXN_0000663,2022-11-06,CUST_00172,PROD_00010,STR_009,,8,632.51,5060.08,0.0
TXN_0000664,2023-03-02,CUST_00003,PROD_00061,STR_008,PROMO_0006,10,315.94,2240.76,918.64
TXN_0000665,2023-07-27,CUST_00085,PROD_00054,STR_006,,9,906.52,8158.68,0.0
TXN_0000666,2023-12-23,CUST_00078,PROD_00094,STR_010,PROMO_0015,5,292.76,996.94,466.86
TXN_0000667,2024-02-24,CUST_00044,PROD_00074,STR_001,,5,66.11,330.55,0.0
TXN_0000668,2023-09-09,CUST_00074,PROD_00063,STR_002,,5,809.85,4049.25,0.0
TXN_0000669,2024-09-14,CUST_00072,PROD_00033,STR_003,,3,508.07,1524.21,0.0
TXN_0000670,2022-07-12,CUST_00004,PROD_00095,STR_002,,10,284.57,2845.7,0.0
TXN_0000671,2024-11-24,CUST_00039,PROD_00085,STR_008,,10,178.74,1787.4,0.0
TXN_0000672,2022-02-17,CUST_00047,PROD_00068,STR_001,PROMO_0012,6,808.8,4094.36,758.44
TXN_0000673,2023-01-11,CUST_00153,PROD_00020,STR_008,,6,984.15,5904.9,0.0
TXN_0000674,2023-08-02,CUST_00043,PROD_00027,STR_010,PROMO_0008,7,771.52,3366.22,2034.42
TXN_0000675,2024-01-30,CUST_00043,PROD_00060,STR_007,PROMO_0014,6,59.05,318.09,36.21
TXN_0000676,2024-07-11,CUST_00193,PROD_00069,STR_004,,8,304.86,2438.88,0.0
TXN_0000677,2023-11-24,CUST_00068,PROD_00019,STR_009,,7,685.09,4795.63,0.0
TXN_0000678,2022-10-03,CUST_00115,PROD_00049,STR_006,,7,16.8,117.6,0.0
TXN_0000679,2024-01-08,CUST_00091,PROD_00056,STR_010,PROMO_0015,9,684.46,4379.35,1780.79
TXN_0000680,2024-06-30,CUST_00150,PROD_00051,STR_008,PROMO_0002,5,338.29,1412.52,278.93
TXN_0000681,2024-05-06,CUST_00050,PROD_00067,STR_006,,4,735.64,2942.56,0.0
TXN_0000682,2023-06-28,CUST_00004,PROD_00053,STR_002,PROMO_0001,3,316.7,547.01,403.09
TXN_0000683,2023-06-19,CUST_00057,PROD_00093,STR_005,,9,108.39,975.51,0.0
TXN_0000684,2022-09-12,CUST_00153,PROD_00085,STR_004,PROMO_0002,5,197.11,911.05,74.5
TXN_0000685,2023-02-06,CUST_00031,PROD_00012,STR_010,,10,639.89,6398.9,0.0
TXN_0000686,2024-12-06,CUST_00166,PROD_00073,STR_003,,3,379.08,1137.24,0.0
TXN_0000687,2022-05-21,CUST_00020,PROD_00082,STR_008,PROMO_0008,2,697.18,910.22,484.14
TXN_0000688,2023-03-19,CUST_00171,PROD_00099,STR_006,,5,770.51,3852.55,0.0
TXN_0000689,2022-02-12,CUST_00100,PROD_00043,STR_001,PROMO_0013,5,166.16,765.94,64.86
TXN_0000690,2023-08-24,CUST_00052,PROD_00079,STR_007,PROMO_0008,5,955.83,4390.94,388.21
TXN_0000691,2022-03-19,CUST_00056,PROD_00079,STR_002,PROMO_0009,3,647.26,1172.99,768.79
TXN_0000692,2022-09-11,CUST_00187,PROD_00033,STR_008,PROMO_0002,8,716.82,5266.13,468.43
TXN_0000693,2024-06-07,CUST_00010,PROD_00086,STR_007,PROMO_0011,1,897.03,851.83,45.2
TXN_0000694,2022-11-29,CUST_00101,PROD_00074,STR_001,,5,155.85,779.25,0.0
TXN_0000695,2022-12-10,CUST_00123,PROD_00056,STR_007,,9,709.07,6381.63,0.0
TXN_0000696,2024-10-02,CUST_00124,PROD_00016,STR_010,PROMO_0012,2,542.43,631.29,453.57
TXN_0000697,2022-12-16,CUST_00175,PROD_00039,STR_007,,9,935.37,8418.33,0.0
TXN_0000698,2024-11-18,CUST_00024,PROD_00047,STR_009,,1,634.11,634.11,0.0
TXN_0000699,2022-11-18,CUST_00197,PROD_00038,STR_004,,6,85.05,510.3,0.0
TXN_0000700,2023-02-23,CUST_00170,PROD_00025,STR_005,,3,556.7,1670.1,0.0
TXN_0000701,2024-10-09,CUST_00092,PROD_00063,STR_002,,7,896.98,6278.86,0.0
TXN_0000702,2023-09-29,CUST_00152,PROD_00031,STR_008,PROMO_0004,8,736.65,5531.27,361.93
TXN_0000703,2024-03-08,CUST_00079,PROD_00064,STR_009,,7,67.68,473.76,0.0
TXN_0000704,2022-02-01,CUST_00185,PROD_00006,STR_007,PROMO_0006,8,966.74,7152.14,581.78
TXN_0000705,2024-11-25,CUST_00134,PROD_00059,STR_009,,2,215.62,431.24,0.0
TXN_0000706,2022-01-14,CUST_00037,PROD_00063,STR_001,PROMO_0002,3,742.35,2078.74,148.31
TXN_0000707,2024-01-07,CUST_00063,PROD_00090,STR_003,,8,907.64,7261.12,0.0
TXN_0000708,2022-07-25,CUST_00025,PROD_00059,STR_010,PROMO_0005,1,176.39,102.42,73.97
TXN_0000709,2024-10-02,CUST_00128,PROD_00077,STR_010,PROMO_0014,3,836.18,2263.08,245.46
TXN_0000710,2022-09-27,CUST_00189,PROD_00087,STR_007,PROMO_0006,4,67.79,158.58,112.58
TXN_0000711,2024-07-22,CUST_00140,PROD_00018,STR_006,,6,125.2,751.2,0.0
TXN_0000712,2022-01-14,CUST_00086,PROD_00009,STR_002,,4,765.41,3061.64,0.0
TXN_0000713,2022-12-14,CUST_00179,PROD_00048,STR_009,,5,145.53,727.65,0.0
TXN_0000714,2023-01-28,CUST_00011,PROD_00018,STR_002,,3,441.47,1324.41,0.0
TXN_0000715,2024-08-03,CUST_00002,PROD_00001,STR_003,PROMO_0015,10,379.25,2771.8,1020.7
TXN_0000716,2023-04-20,CUST_00073,PROD_00054,STR_008,,2,708.21,1416.42,0.0
TXN_0000717,2024-09-25,CUST_00134,PROD_00058,STR_007,,3,210.13,630.39,0.0
TXN_0000718,2023-03-04,CUST_00010,PROD_00077,STR_003,,4,938.4,3753.6,0.0
TXN_0000719,2023-10-21,CUST_00090,PROD_00054,STR_001,PROMO_0014,8,613.99,2936.53,1975.39
TXN_0000720,2023-08-08,CUST_00159,PROD_00047,STR_009,PROMO_0009,9,239.46,1100.08,1055.06
TXN_0000721,2023-06-26,CUST_00169,PROD_00027,STR_005,,9,223.18,2008.62,0.0
TXN_0000722,2023-12-15,CUST_00176,PROD_00061,STR_008,,1,197.75,197.75,0.0
TXN_0000723,2023-01-27,CUST_00014,PROD_00083,STR_006,,3,163.96,491.88,0.0
TXN_0000724,2022-12-05,CUST_00195,PROD_00059,STR_001,PROMO_0010,5,213.54,627.47,440.23
TXN_0000725,2023-12-26,CUST_00046,PROD_00021,STR_001,,2,741.71,1483.42,0.0
TXN_0000726,2023-04-15,CUST_00152,PROD_00075,STR_006,PROMO_0004,8,517.33,2588.18,1550.46
TXN_0000727,2024-11-17,CUST_00084,PROD_00030,STR_002,,7,202.76,1419.32,0.0
TXN_0000728,2024-03-19,CUST_00097,PROD_00029,STR_002,PROMO_0007,6,231.64,776.3,613.54
TXN_0000729,2024-08-26,CUST_00157,PROD_00059,STR_003,PROMO_0007,8,587.17,4156.11,541.25
TXN_0000730,2023-09-09,CUST_00050,PROD_00081,STR_006,,7,376.62,2636.34,0.0
TXN_0000731,2024-06-26,CUST_00072,PROD_00018,STR_002,PROMO_0012,5,206.2,715.62,315.38
TXN_0000732,2022-06-08,CUST_00076,PROD_00078,STR_003,PROMO_0006,8,461.29,3140.71,549.61
TXN_0000733,2022-01-12,CUST_00142,PROD_00030,STR_002,,10,906.05,9060.5,0.0
TXN_0000734,2024-03-05,CUST_00056,PROD_00076,STR_008,,7,857.69,6003.83,0.0
TXN_0000735,2024-10-25,CUST_00189,PROD_00032,STR_004,,8,282.78,2262.24,0.0
TXN_0000736,2023-08-05,CUST_00039,PROD_00074,STR_001,PROMO_0015,6,437.08,1793.0,829.48
TXN_0000737,2024-05-22,CUST_00130,PROD_00005,STR_007,PROMO_0008,7,980.28,4253.97,2607.99
TXN_0000738,2024-10-02,CUST_00179,PROD_00013,STR_008,,9,397.35,3576.15,0.0
TXN_0000739,2024-07-11,CUST_00004,PROD_00089,STR_007,,8,244.31,1954.48,0.0
TXN_0000740,2024-08-04,CUST_00005,PROD_00062,STR_005,PROMO_0011,4,137.05,274.36,273.84
TXN_0000741,2023-03-16,CUST_00192,PROD_00075,STR_001,,3,704.79,2114.37,0.0
TXN_0000742,2023-04-09,CUST_00095,PROD_00081,STR_008,PROMO_0012,8,466.44,2864.27,867.25
TXN_0000743,2024-11-29,CUST_00136,PROD_00005,STR_005,PROMO_0015,1,861.08,550.37,310.71
TXN_0000744,2022-06-17,CUST_00157,PROD_00070,STR_010,,7,754.12,5278.84,0.0
TXN_0000745,2024-01-19,CUST_00015,PROD_00066,STR_006,PROMO_0015,4,788.75,2520.65,634.35
TXN_0000746,2022-04-10,CUST_00159,PROD_00006,STR_006,,1,115.41,115.41,0.0
TXN_0000747,2023-06-07,CUST_00018,PROD_00072,STR_004,,6,179.39,1076.34,0.0
TXN_0000748,2023-03-06,CUST_00189,PROD_00097,STR_010,PROMO_0002,3,981.35,1936.99,1007.06
TXN_0000749,2024-09-22,CUST_00083,PROD_00046,STR_005,,4,754.41,3017.64,0.0
TXN_0000750,2023-05-21,CUST_00116,PROD_00063,STR_009,PROMO_0002,9,681.83,4800.15,1336.32
TXN_0000751,2023-03-07,CUST_00137,PROD_00087,STR_009,,9,830.41,7473.69,0.0
TXN_0000752,2023-02-10,CUST_00173,PROD_00089,STR_002,,5,454.72,2273.6,0.0
TXN_0000753,2024-10-16,CUST_00021,PROD_00051,STR_003,,4,892.44,3569.76,0.0
TXN_0000754,2024-10-09,CUST_00179,PROD_00019,STR_008,PROMO_0003,5,958.47,3957.65,834.7
TXN_0000755,2023-04-10,CUST_00161,PROD_00003,STR_005,,3,875.62,2626.86,0.0
TXN_0000756,2022-10-20,CUST_00034,PROD_00061,STR_006,,7,969.73,6788.11,0.0
TXN_0000757,2022-08-21,CUST_00075,PROD_00025,STR_002,,7,446.64,3126.48,0.0
TXN_0000758,2024-03-14,CUST_00106,PROD_00075,STR_006,PROMO_0009,1,872.43,575.71,296.72
TXN_0000759,2023-01-09,CUST_00136,PROD_00071,STR_008,,6,488.72,2932.32,0.0
TXN_0000760,2022-03-30,CUST_00067,PROD_00030,STR_008,PROMO_0013,8,307.56,1998.1,462.38
TXN_0000761,2024-07-21,CUST_00013,PROD_00019,STR_006,,6,970.87,5825.22,0.0
TXN_0000762,2023-09-20,CUST_00138,PROD_00037,STR_003,PROMO_0015,5,458.65,2012.66,280.59
TXN_0000763,2024-10-23,CUST_00171,PROD_00020,STR_003,,3,840.14,2520.42,0.0
TXN_0000764,2023-05-12,CUST_00148,PROD_00017,STR_008,,4,121.33,485.32,0.0
TXN_0000765,2024-11-23,CUST_00082,PROD_00045,STR_003,PROMO_0012,5,372.82,1741.8,122.3
TXN_0000766,2022-08-06,CUST_00137,PROD_00039,STR_002,,6,451.19,2707.14,0.0
TXN_0000767,2022-02-09,CUST_00038,PROD_00059,STR_006,,1,407.54,407.54,0.0
TXN_0000768,2024-10-15,CUST_00130,PROD_00043,STR_005,,3,9.27,27.81,0.0
TXN_0000769,2024-02-12,CUST_00194,PROD_00074,STR_003,,8,896.5,7172.0,0.0
TXN_0000770,2023-04-05,CUST_00087,PROD_00089,STR_002,,10,729.9,7299.0,0.0
TXN_0000771,2023-02-08,CUST_00007,PROD_00052,STR_010,PROMO_0009,8,900.67,6466.13,739.23
TXN_0000772,2023-10-13,CUST_00050,PROD_00075,STR_009,PROMO_0001,4,448.74,1213.99,580.97
TXN_0000773,2023-09-21,CUST_00051,PROD_00003,STR_002,,4,782.38,3129.52,0.0
TXN_0000774,2023-08-27,CUST_00023,PROD_00066,STR_007,,9,850.2,7651.8,0.0
TXN_0000775,2022-02-24,CUST_00131,PROD_00008,STR_006,,4,493.01,1972.04,0.0
TXN_0000776,2024-06-24,CUST_00095,PROD_00050,STR_006,,7,152.21,1065.47,0.0
TXN_0000777,2024-06-07,CUST_00115,PROD_00072,STR_002,,1,288.23,288.23,0.0
TXN_0000778,2022-10-23,CUST_00107,PROD_00057,STR_005,,4,729.21,2916.84,0.0
TXN_0000779,2023-06-18,CUST_00109,PROD_00094,STR_007,,3,806.64,2419.92,0.0
TXN_0000780,2022-12-12,CUST_00037,PROD_00027,STR_005,,3,836.33,2508.99,0.0
TXN_0000781,2024-12-02,CUST_00086,PROD_00009,STR_010,,8,988.44,7907.52,0.0
TXN_0000782,2024-04-10,CUST_00070,PROD_00054,STR_003,,7,93.01,651.07,0.0
TXN_0000783,2024-09-18,CUST_00036,PROD_00026,STR_003,,9,464.81,4183.29,0.0
TXN_0000784,2024-01-10,CUST_00078,PROD_00075,STR_005,,7,293.02,2051.14,0.0
TXN_0000785,2024-11-09,CUST_00007,PROD_00001,STR_003,,8,561.48,4491.84,0.0
TXN_0000786,2023-07-11,CUST_00163,PROD_00061,STR_002,,5,303.67,1518.35,0.0
TXN_0000787,2024-02-28,CUST_00177,PROD_00083,STR_004,,5,420.07,2100.35,0.0
TXN_0000788,2023-04-12,CUST_00093,PROD_00075,STR_008,PROMO_0002,1,123.76,84.22,39.54
TXN_0000789,2022-09-22,CUST_00178,PROD_00016,STR_006,PROMO_0011,10,438.89,3229.27,1159.63
TXN_0000790,2024-10-18,CUST_00015,PROD_00019,STR_006,PROMO_0005,9,734.29,5793.89,814.72
TXN_0000791,2024-05-17,CUST_00093,PROD_00054,STR_006,PROMO_0003,8,878.93,6512.52,518.92
TXN_0000792,2022-10-09,CUST_00020,PROD_00066,STR_004,,1,293.41,293.41,0.0
TXN_0000793,2023-04-02,CUST_00043,PROD_00070,STR_006,,3,765.87,2297.61,0.0
TXN_0000794,2022-06-01,CUST_00078,PROD_00035,STR_006,,6,827.69,4966.14,0.0
TXN_0000795,2024-01-02,CUST_00037,PROD_00002,STR_003,,2,536.75,1073.5,0.0
TXN_0000796,2022-07-18,CUST_00106,PROD_00044,STR_003,,9,285.01,2565.09,0.0
TXN_0000797,2023-02-06,CUST_00049,PROD_00072,STR_010,,2,221.79,443.58,0.0
TXN_0000798,2024-05-18,CUST_00180,PROD_00097,STR_002,,9,846.84,7621.56,0.0
TXN_0000799,2022-10-12,CUST_00005,PROD_00062,STR_006,PROMO_0014,7,463.19,2888.74,353.59
TXN_0000800,2024-11-21,CUST_00153,PROD_00067,STR_006,PROMO_0008,5,692.6,1903.34,1559.66
TXN_0000801,2023-06-06,CUST_00033,PROD_00089,STR_003,PROMO_0014,3,711.35,1913.46,220.59
TXN_0000802,2024-10-13,CUST_00196,PROD_00015,STR_002,PROMO_0002,4,310.89,943.66,299.9
TXN_0000803,2022-05-19,CUST_00011,PROD_00026,STR_002,,1,775.82,775.82,0.0
TXN_0000804,2022-12-12,CUST_00016,PROD_00061,STR_002,,1,794.09,794.09,0.0
TXN_0000805,2023-07-06,CUST_00003,PROD_00097,STR_002,,5,48.07,240.35,0.0
TXN_0000806,2022-12-13,CUST_00172,PROD_00045,STR_001,PROMO_0015,2,920.5,1583.24,257.76
TXN_0000807,2023-04-23,CUST_00072,PROD_00075,STR_006,,2,149.83,299.66,0.0
TXN_0000808,2023-10-16,CUST_00187,PROD_00079,STR_004,,6,164.75,988.5,0.0
TXN_0000809,2023-05-30,CUST_00136,PROD_00028,STR_004,PROMO_0010,9,572.38,3124.54,2026.88
TXN_0000810,2023-08-01,CUST_00002,PROD_00093,STR_002,,5,175.91,879.55,0.0
TXN_0000811,2023-02-09,CUST_00122,PROD_00047,STR_010,,4,920.87,3683.48,0.0
TXN_0000812,2024-06-28,CUST_00047,PROD_00046,STR_007,,3,442.47,1327.41,0.0
TXN_0000813,2023-04-02,CUST_00081,PROD_00016,STR_008,PROMO_0002,7,218.2,927.69,599.71
TXN_0000814,2023-12-22,CUST_00093,PROD_00091,STR_005,,2,522.13,1044.26,0.0
TXN_0000815,2022-07-02,CUST_00073,PROD_00059,STR_010,PROMO_0008,9,723.53,5847.08,664.69
TXN_0000816,2024-01-01,CUST_00058,PROD_00071,STR_007,,5,688.61,3443.05,0.0
TXN_0000817,2022-03-25,CUST_00018,PROD_00061,STR_006,,5,985.04,4925.2,0.0
TXN_0000818,2024-09-12,CUST_00173,PROD_00014,STR_007,,3,17.72,53.16,0.0
TXN_0000819,2024-06-25,CUST_00031,PROD_00019,STR_007,,8,525.05,4200.4,0.0
TXN_0000820,2024-06-20,CUST_00190,PROD_00022,STR_002,,7,696.56,4875.92,0.0
TXN_0000821,2024-08-22,CUST_00153,PROD_00052,STR_002,,6,975.33,5851.98,0.0
TXN_0000822,2022-04-21,CUST_00072,PROD_00098,STR_010,,4,838.92,3355.68,0.0
TXN_0000823,2024-01-04,CUST_00165,PROD_00052,STR_006,,10,276.61,2766.1,0.0
TXN_0000824,2022-10-30,CUST_00125,PROD_00066,STR_005,,8,668.34,5346.72,0.0
TXN_0000825,2024-02-17,CUST_00060,PROD_00081,STR_003,PROMO_0005,3,769.16,1683.99,623.49
TXN_0000826,2022-07-06,CUST_00007,PROD_00023,STR_007,PROMO_0002,1,104.11,75.57,28.54
TXN_0000827,2024-11-23,CUST_00195,PROD_00010,STR_009,PROMO_0010,10,680.81,4558.33,2249.77
TXN_0000828,2023-08-16,CUST_00130,PROD_00034,STR_009,PROMO_0011,8,793.77,4609.87,1740.29
TXN_0000829,2024-04-03,CUST_00005,PROD_00098,STR_001,,6,810.43,4862.58,0.0
TXN_0000830,2023-04-09,CUST_00097,PROD_00057,STR_008,PROMO_0008,7,880.73,4984.17,1180.94
TXN_0000831,2023-10-04,CUST_00200,PROD_00039,STR_003,,1,37.7,37.7,0.0
TXN_0000832,2022-03-25,CUST_00100,PROD_00063,STR_002,,8,433.53,3468.24,0.0
TXN_0000833,2022-08-23,CUST_00176,PROD_00070,STR_010,,10,676.65,6766.5,0.0
TXN_0000834,2022-08-02,CUST_00130,PROD_00008,STR_007,,8,478.53,3828.24,0.0
TXN_0000835,2022-11-08,CUST_00158,PROD_00087,STR_006,,5,497.22,2486.1,0.0
TXN_0000836,2023-06-17,CUST_00094,PROD_00045,STR_010,PROMO_0001,5,323.88,1445.01,174.39
TXN_0000837,2023-09-28,CUST_00098,PROD_00013,STR_007,,1,766.37,766.37,0.0
TXN_0000838,2024-06-03,CUST_00015,PROD_00085,STR_004,,6,991.99,5951.94,0.0
TXN_0000839,2023-12-12,CUST_00022,PROD_00089,STR_002,,4,238.45,953.8,0.0
TXN_0000840,2022-08-11,CUST_00118,PROD_00085,STR_007,PROMO_0009,5,118.9,477.53,116.97
TXN_0000841,2023-05-07,CUST_00006,PROD_00090,STR_008,,10,517.19,5171.9,0.0
TXN_0000842,2022-10-08,CUST_00147,PROD_00050,STR_006,,10,27.13,271.3,0.0
TXN_0000843,2022-05-06,CUST_00177,PROD_00087,STR_004,,10,102.24,1022.4,0.0
TXN_0000844,2024-01-28,CUST_00171,PROD_00044,STR_003,,6,499.25,2995.5,0.0
TXN_0000845,2023-06-01,CUST_00052,PROD_00064,STR_002,,10,303.02,3030.2,0.0
TXN_0000846,2024-09-07,CUST_00103,PROD_00029,STR_010,PROMO_0005,9,218.01,984.38,977.71
TXN_0000847,2022-10-02,CUST_00152,PROD_00044,STR_005,,2,719.12,1438.24,0.0
TXN_0000848,2023-05-02,CUST_00110,PROD_00027,STR_006,,2,568.6,1137.2,0.0
TXN_0000849,2024-09-12,CUST_00077,PROD_00056,STR_009,,2,653.28,1306.56,0.0
TXN_0000850,2022-04-01,CUST_00160,PROD_00066,STR_008,,6,204.08,1224.48,0.0
TXN_0000851,2022-01-08,CUST_00048,PROD_00074,STR_008,PROMO_0012,9,184.7,1193.03,469.27
TXN_0000852,2023-12-04,CUST_00120,PROD_00035,STR_009,,4,662.5,2650.0,0.0
TXN_0000853,2023-03-01,CUST_00145,PROD_00094,STR_001,,10,853.51,8535.1,0.0
TXN_0000854,2022-11-22,CUST_00062,PROD_00020,STR_005,,9,204.64,1841.76,0.0
TXN_0000855,2022-09-19,CUST_00017,PROD_00082,STR_004,,7,413.21,2892.47,0.0
TXN_0000856,2024-06-14,CUST_00154,PROD_00031,STR_007,PROMO_0003,7,270.6,1580.9,313.3
TXN_0000857,2022-09-04,CUST_00080,PROD_00060,STR_008,PROMO_0004,4,117.99,279.08,192.88
TXN_0000858,2024-01-31,CUST_00010,PROD_00026,STR_003,,9,991.34,8922.06,0.0
TXN_0000859,2022-05-17,CUST_00141,PROD_00023,STR_001,PROMO_0013,5,140.75,580.6,123.15
TXN_0000860,2022-07-21,CUST_00155,PROD_00039,STR_002,PROMO_0015,8,783.32,5716.55,550.01
TXN_0000861,2024-08-12,CUST_00024,PROD_00051,STR_003,,7,897.29,6281.03,0.0
TXN_0000862,2023-11-05,CUST_00031,PROD_00067,STR_010,,4,116.37,465.48,0.0
TXN_0000863,2024-09-11,CUST_00061,PROD_00077,STR_002,,9,255.55,2299.95,0.0
TXN_0000864,2023-10-30,CUST_00100,PROD_00096,STR_004,,6,332.64,1995.84,0.0
TXN_0000865,2023-09-19,CUST_00113,PROD_00053,STR_005,PROMO_0004,7,221.92,797.74,755.7
TXN_0000866,2023-10-29,CUST_00180,PROD_00015,STR_006,,10,60.65,606.5,0.0
TXN_0000867,2024-01-12,CUST_00072,PROD_00019,STR_006,,9,426.66,3839.94,0.0
TXN_0000868,2023-08-19,CUST_00006,PROD_00083,STR_010,,8,717.09,5736.72,0.0
TXN_0000869,2022-01-08,CUST_00014,PROD_00089,STR_004,,1,842.27,842.27,0.0
TXN_0000870,2022-02-28,CUST_00180,PROD_00047,STR_002,,5,554.96,2774.8,0.0
TXN_0000871,2024-04-09,CUST_00100,PROD_00002,STR_007,,9,867.62,7808.58,0.0
TXN_0000872,2022-11-06,CUST_00194,PROD_00031,STR_005,,5,304.38,1521.9,0.0
TXN_0000873,2023-08-03,CUST_00197,PROD_00083,STR_007,PROMO_0008,4,860.12,2290.99,1149.49
TXN_0000874,2022-01-22,CUST_00121,PROD_00095,STR_007,PROMO_0013,1,277.67,146.27,131.4
TXN_0000875,2023-05-16,CUST_00026,PROD_00021,STR_005,,6,718.8,4312.8,0.0
TXN_0000876,2024-04-04,CUST_00187,PROD_00071,STR_006,,9,71.04,639.36,0.0
TXN_0000877,2022-10-24,CUST_00165,PROD_00083,STR_003,,8,696.73,5573.84,0.0
TXN_0000878,2022-01-28,CUST_00079,PROD_00041,STR_010,PROMO_0007,8,792.06,5449.16,887.32
TXN_0000879,2024-11-17,CUST_00167,PROD_00098,STR_003,PROMO_0012,2,115.27,118.42,112.12
TXN_0000880,2022-01-07,CUST_00082,PROD_00058,STR_008,,10,687.32,6873.2,0.0
TXN_0000881,2024-08-31,CUST_00084,PROD_00037,STR_004,,3,264.38,793.14,0.0
TXN_0000882,2023-01-22,CUST_00147,PROD_00029,STR_001,PROMO_0015,2,417.42,651.35,183.49
TXN_0000883,2022-12-18,CUST_00161,PROD_00030,STR_002,,1,923.5,923.5,0.0
TXN_0000884,2024-12-13,CUST_00044,PROD_00007,STR_007,,8,202.27,1618.16,0.0
TXN_0000885,2023-06-19,CUST_00044,PROD_00073,STR_002,PROMO_0002,10,431.76,2240.34,2077.26
TXN_0000886,2023-04-30,CUST_00117,PROD_00087,STR_008,,1,719.99,719.99,0.0
TXN_0000887,2022-07-20,CUST_00069,PROD_00037,STR_008,PROMO_0014,2,228.36,266.71,190.01
TXN_0000888,2022-06-09,CUST_00154,PROD_00028,STR_005,,7,134.55,941.85,0.0
TXN_0000889,2023-08-19,CUST_00038,PROD_00004,STR_005,,4,421.24,1684.96,0.0
TXN_0000890,2024-02-21,CUST_00064,PROD_00048,STR_010,,5,239.31,1196.55,0.0
TXN_0000891,2024-07-03,CUST_00083,PROD_00089,STR_007,,8,90.31,722.48,0.0
TXN_0000892,2023-04-21,CUST_00189,PROD_00077,STR_005,,4,714.77,2859.08,0.0
TXN_0000893,2022-09-17,CUST_00121,PROD_00046,STR_010,PROMO_0006,2,99.8,105.99,93.61
TXN_0000894,2022-04-12,CUST_00002,PROD_00033,STR_009,,10,711.02,7110.2,0.0
TXN_0000895,2022-03-13,CUST_00172,PROD_00048,STR_003,,10,384.03,3840.3,0.0
TXN_0000896,2023-04-09,CUST_00087,PROD_00060,STR_003,PROMO_0003,9,45.92,298.93,114.35
TXN_0000897,2023-03-28,CUST_00037,PROD_00034,STR_002,,2,320.73,641.46,0.0
TXN_0000898,2023-12-10,CUST_00072,PROD_00096,STR_006,PROMO_0014,6,48.94,150.34,143.3
TXN_0000899,2024-03-19,CUST_00157,PROD_00098,STR_005,,7,286.51,2005.57,0.0
TXN_0000900,2024-07-15,CUST_00081,PROD_00095,STR_008,,9,316.45,2848.05,0.0
TXN_0000901,2024-03-25,CUST_00163,PROD_00057,STR_001,,3,557.9,1673.7,0.0
TXN_0000902,2023-06-09,CUST_00042,PROD_00091,STR_008,PROMO_0001,4,152.88,451.54,159.98
TXN_0000903,2023-11-05,CUST_00127,PROD_00006,STR_008,,7,120.44,843.08,0.0
TXN_0000904,2024-12-02,CUST_00118,PROD_00064,STR_002,,6,988.87,5933.22,0.0
TXN_0000905,2022-07-27,CUST_00044,PROD_00096,STR_009,PROMO_0014,3,128.04,315.8,68.32
TXN_0000906,2023-06-17,CUST_00055,PROD_00075,STR_001,,5,565.43,2827.15,0.0
TXN_0000907,2024-02-01,CUST_00197,PROD_00064,STR_002,PROMO_0015,9,768.01,6327.49,584.6
TXN_0000908,2023-07-13,CUST_00175,PROD_00016,STR_007,,6,30.83,184.98,0.0
TXN_0000909,2022-10-20,CUST_00083,PROD_00020,STR_001,,6,592.39,3554.34,0.0
TXN_0000910,2022-09-14,CUST_00123,PROD_00059,STR_005,,2,462.93,925.86,0.0
TXN_0000911,2023-09-19,CUST_00012,PROD_00084,STR_010,,10,659.72,6597.2,0.0
TXN_0000912,2022-01-30,CUST_00188,PROD_00073,STR_003,,8,328.29,2626.32,0.0
TXN_0000913,2022-12-21,CUST_00073,PROD_00042,STR_001,,4,863.96,3455.84,0.0
TXN_0000914,2022-12-15,CUST_00024,PROD_00052,STR_005,,2,549.42,1098.84,0.0
TXN_0000915,2022-07-23,CUST_00103,PROD_00012,STR_001,,3,243.88,731.64,0.0
TXN_0000916,2022-11-25,CUST_00073,PROD_00083,STR_003,,4,167.13,668.52,0.0
TXN_0000917,2022-02-04,CUST_00189,PROD_00040,STR_010,,2,302.05,604.1,0.0
TXN_0000918,2024-07-05,CUST_00126,PROD_00058,STR_007,PROMO_0006,3,362.25,781.71,305.04
TXN_0000919,2024-02-23,CUST_00024,PROD_00097,STR_007,,8,272.14,2177.12,0.0
TXN_0000920,2022-09-20,CUST_00110,PROD_00012,STR_001,,6,615.8,3694.8,0.0
TXN_0000921,2022-07-11,CUST_00058,PROD_00083,STR_003,,9,345.04,3105.36,0.0
TXN_0000922,2023-07-24,CUST_00022,PROD_00038,STR_008,,8,529.64,4237.12,0.0
TXN_0000923,2024-10-07,CUST_00077,PROD_00020,STR_003,,7,83.79,586.53,0.0
TXN_0000924,2022-02-28,CUST_00076,PROD_00073,STR_001,,5,842.33,4211.65,0.0
TXN_0000925,2023-08-06,CUST_00106,PROD_00013,STR_008,PROMO_0002,9,81.15,526.0,204.35
TXN_0000926,2024-09-21,CUST_00150,PROD_00011,STR_009,,10,813.76,8137.6,0.0
TXN_0000927,2023-02-02,CUST_00046,PROD_00024,STR_007,,1,118.37,118.37,0.0
TXN_0000928,2024-04-10,CUST_00077,PROD_00041,STR_010,,1,87.87,87.87,0.0
TXN_0000929,2024-08-26,CUST_00068,PROD_00044,STR_003,,8,758.57,6068.56,0.0
TXN_0000930,2022-03-17,CUST_00155,PROD_00034,STR_002,,4,189.16,756.64,0.0
TXN_0000931,2024-07-11,CUST_00168,PROD_00062,STR_008,PROMO_0002,7,536.7,3546.56,210.34
TXN_0000932,2022-03-16,CUST_00155,PROD_00093,STR_008,,7,869.44,6086.08,0.0
TXN_0000933,2024-10-25,CUST_00093,PROD_00089,STR_007,,5,620.41,3102.05,0.0
TXN_0000934,2022-06-17,CUST_00005,PROD_00090,STR_004,PROMO_0004,5,92.2,414.73,46.27
TXN_0000935,2024-10-12,CUST_00167,PROD_00031,STR_007,,1,213.18,213.18,0.0
TXN_0000936,2022-01-31,CUST_00119,PROD_00019,STR_008,,9,194.96,1754.64,0.0
TXN_0000937,2022-03-16,CUST_00114,PROD_00063,STR_008,PROMO_0003,7,26.71,115.46,71.51
TXN_0000938,2024-12-07,CUST_00052,PROD_00038,STR_010,,1,860.5,860.5,0.0
TXN_0000939,2022-06-29,CUST_00111,PROD_00054,STR_008,PROMO_0011,7,55.67,221.56,168.13
TXN_0000940,2023-10-10,CUST_00075,PROD_00005,STR_008,,10,597.86,5978.6,0.0
TXN_0000941,2023-11-22,CUST_00157,PROD_00087,STR_008,,7,488.67,3420.69,0.0
TXN_0000942,2023-08-14,CUST_00109,PROD_00074,STR_006,,4,715.72,2862.88,0.0
TXN_0000943,2022-07-11,CUST_00107,PROD_00061,STR_002,,9,68.19,613.71,0.0
TXN_0000944,2024-04-30,CUST_00115,PROD_00090,STR_007,,8,624.58,4996.64,0.0
TXN_0000945,2023-01-28,CUST_00121,PROD_00045,STR_008,,1,165.53,165.53,0.0
TXN_0000946,2024-01-07,CUST_00176,PROD_00044,STR_010,,4,510.1,2040.4,0.0
TXN_0000947,2024-12-26,CUST_00107,PROD_00087,STR_006,PROMO_0012,8,135.5,839.38,244.62
TXN_0000948,2022-08-26,CUST_00160,PROD_00027,STR_005,,8,800.76,6406.08,0.0
TXN_0000949,2022-11-16,CUST_00126,PROD_00013,STR_007,PROMO_0004,2,668.72,1176.49,160.95
TXN_0000950,2024-12-15,CUST_00092,PROD_00034,STR_006,PROMO_0001,8,307.13,1229.34,1227.7
TXN_0000951,2024-12-01,CUST_00129,PROD_00005,STR_002,,3,178.84,536.52,0.0
TXN_0000952,2024-09-06,CUST_00031,PROD_00072,STR_004,,6,433.47,2600.82,0.0
TXN_0000953,2022-01-15,CUST_00091,PROD_00099,STR_001,,8,261.53,2092.24,0.0
TXN_0000954,2023-04-13,CUST_00155,PROD_00086,STR_002,PROMO_0012,9,271.15,1358.88,1081.47
TXN_0000955,2023-10-16,CUST_00118,PROD_00097,STR_002,,1,927.0,927.0,0.0
TXN_0000956,2024-10-24,CUST_00027,PROD_00072,STR_001,,2,782.74,1565.48,0.0
TXN_0000957,2022-06-06,CUST_00053,PROD_00047,STR_003,,9,109.88,988.92,0.0
TXN_0000958,2024-10-26,CUST_00128,PROD_00094,STR_002,,5,709.62,3548.1,0.0
TXN_0000959,2024-03-19,CUST_00036,PROD_00016,STR_004,,3,648.86,1946.58,0.0
TXN_0000960,2023-02-24,CUST_00002,PROD_00032,STR_008,,8,969.79,7758.32,0.0
TXN_0000961,2024-08-25,CUST_00194,PROD_00054,STR_006,PROMO_0005,6,290.32,1362.88,379.04
TXN_0000962,2024-07-29,CUST_00108,PROD_00030,STR_003,,4,155.85,623.4,0.0
TXN_0000963,2024-12-24,CUST_00118,PROD_00067,STR_006,,7,416.34,2914.38,0.0
TXN_0000964,2022-08-02,CUST_00184,PROD_00067,STR_002,,1,445.37,445.37,0.0
TXN_0000965,2023-10-13,CUST_00198,PROD_00022,STR_007,,2,341.61,683.22,0.0
TXN_0000966,2022-06-12,CUST_00148,PROD_00008,STR_009,PROMO_0015,1,396.3,262.09,134.21
TXN_0000967,2024-03-05,CUST_00180,PROD_00071,STR_005,,5,422.21,2111.05,0.0
TXN_0000968,2024-08-17,CUST_00157,PROD_00019,STR_007,PROMO_0005,6,909.68,2974.14,2483.94
TXN_0000969,2022-07-02,CUST_00160,PROD_00080,STR_008,,8,645.66,5165.28,0.0
TXN_0000970,2023-03-16,CUST_00104,PROD_00100,STR_004,,6,888.24,5329.44,0.0
TXN_0000971,2022-06-27,CUST_00100,PROD_00093,STR_003,,5,88.86,444.3,0.0
TXN_0000972,2022-06-15,CUST_00080,PROD_00067,STR_006,PROMO_0002,9,991.96,6425.65,2501.99
TXN_0000973,2024-02-13,CUST_00139,PROD_00076,STR_005,,3,28.3,84.9,0.0
TXN_0000974,2022-11-05,CUST_00109,PROD_00065,STR_002,,4,833.07,3332.28,0.0
TXN_0000975,2024-08-04,CUST_00013,PROD_00097,STR_002,PROMO_0009,1,842.38,665.89,176.49
TXN_0000976,2022-11-07,CUST_00117,PROD_00044,STR_004,,8,301.47,2411.76,0.0
TXN_0000977,2023-02-13,CUST_00161,PROD_00086,STR_009,,10,567.77,5677.7,0.0
TXN_0000978,2024-03-23,CUST_00184,PROD_00074,STR_003,PROMO_0011,10,237.67,1418.52,958.18
TXN_0000979,2022-11-10,CUST_00050,PROD_00100,STR_006,PROMO_0006,7,522.07,2622.45,1032.04
TXN_0000980,2023-07-11,CUST_00106,PROD_00011,STR_002,,8,102.5,820.0,0.0
TXN_0000981,2024-12-28,CUST_00095,PROD_00087,STR_009,PROMO_0004,1,427.76,320.49,107.27
TXN_0000982,2023-09-29,CUST_00102,PROD_00034,STR_010,,7,590.3,4132.1,0.0
TXN_0000983,2023-04-04,CUST_00177,PROD_00063,STR_007,,8,638.28,5106.24,0.0
TXN_0000984,2022-09-07,CUST_00181,PROD_00066,STR_009,PROMO_0012,3,148.62,331.73,114.13
TXN_0000985,2022-03-03,CUST_00009,PROD_00096,STR_003,,2,696.0,1392.0,0.0
TXN_0000986,2024-05-01,CUST_00155,PROD_00053,STR_002,,9,372.49,3352.41,0.0
TXN_0000987,2024-02-11,CUST_00096,PROD_00040,STR_006,PROMO_0009,2,372.74,656.78,88.7
TXN_0000988,2022-11-19,CUST_00151,PROD_00054,STR_001,PROMO_0003,5,297.51,1318.02,169.53
TXN_0000989,2024-12-05,CUST_00001,PROD_00016,STR_009,PROMO_0014,5,889.61,2745.13,1702.92
TXN_0000990,2024-01-17,CUST_00145,PROD_00058,STR_006,PROMO_0008,6,72.23,299.95,133.43
TXN_0000991,2023-05-29,CUST_00156,PROD_00017,STR_003,,7,477.85,3344.95,0.0
TXN_0000992,2022-12-31,CUST_00171,PROD_00058,STR_003,,9,638.28,5744.52,0.0
TXN_0000993,2022-01-05,CUST_00160,PROD_00053,STR_007,,6,93.87,563.22,0.0
TXN_0000994,2022-01-20,CUST_00012,PROD_00086,STR_008,,4,900.74,3602.96,0.0
TXN_0000995,2024-11-09,CUST_00182,PROD_00004,STR_010,,5,647.69,3238.45,0.0
TXN_0000996,2022-05-19,CUST_00159,PROD_00070,STR_010,PROMO_0009,5,563.24,2567.48,248.72
TXN_0000997,2022-06-21,CUST_00193,PROD_00061,STR_009,,1,957.51,957.51,0.0
TXN_0000998,2024-06-10,CUST_00047,PROD_00003,STR_005,,1,124.68,124.68,0.0
TXN_0000999,2024-11-05,CUST_00149,PROD_00057,STR_002,,4,249.06,996.24,0.0
TXN_0001000,2024-02-07,CUST_00012,PROD_00063,STR_001,,9,608.82,5479.38,0.0
